metric,unit,45 deg settle_median,45 deg settle_min,45 deg settle_max,45 deg settle_n,65 deg settle_median,65 deg settle_min,65 deg settle_max,65 deg settle_n
payload RMSE,m,0.7967973055034754,0.5120923213261309,1.020970489641177,5,0.7441066090877887,0.15010817880811203,1.3972685513503378,5
"payload tilt, peak",deg,106.52676068936651,69.69090603143816,179.99994362507337,5,140.35789677709042,36.24786284024105,179.99997129999537,5
"payload tilt, settled",deg,9.12222003629813e-05,1.2778113880520821e-05,179.9998380996227,5,4.195715953242583,2.831646840510158e-06,170.99491019110002,5
"payload z, settled",m,0.024999967197187476,0.024999760066273625,0.07058117948729482,5,0.05591207162600212,0.024999770812438763,0.5155491600184633,5
event time,s,36.781,35.588,37.381,5,32.211,25.0,36.434,5
duration,s,69.98200000000001,69.98100000000001,69.992,5,69.989,69.98100000000001,69.998,5
drone 0 peak error,m,1.1415287355691197,1.0502514791593807,1.1701914777596352,5,1.21777044484677,0.23401487582986208,2.103514345247037,5
drone 1 peak error,m,1.372913088618933,1.1387261383429708,1.514027840114549,5,1.1931098846402295,0.24083397427836467,1.9658105331730127,5
drone 2 peak error,m,1.2842163312801167,1.1153472989460613,1.7090746907624472,5,1.0844542720971353,0.2428550152904205,1.8150457038507526,5
drone 3 peak error,m,1.1138014001437873,1.0382976599722127,1.7926979845344628,5,1.1666729098481916,1.1316226543843908,1.2705542275059367,3
drone 0 settled error,m,1.001260523992578,0.9678818146255249,1.0576412403889104,5,1.1657673256189625,0.00558896193452861,2.0780219728966225,5
drone 1 settled error,m,1.0857917102630268,0.9905770332546072,1.4405681114830724,5,1.1412362874774897,0.0047189553889564724,1.9396628023511993,5
drone 2 settled error,m,1.112859007193502,0.9653050438676186,1.6776153841106618,5,1.0317570558305298,0.004692996358952562,1.571923594823718,5
drone 3 settled error,m,1.028979788420899,0.8548519693432163,1.7351558323093232,5,1.0377798121322075,1.0253021368036812,1.1041284976310968,3
