step,timestamp,u0,u1,u2,u3,pose_x,pose_y,pose_z,pose_qw,pose_qx,pose_qy,pose_qz
0,1776056333.5224237,0.0,0.0,-0.6134440637151599,-0.0,0.0,0.0,0.0,1.0,0.0,0.0,0.0
1,1776056333.5307372,0.0,0.0,-0.6119550921602608,-0.0,0.0,0.0,0.0,1.0,0.0,0.0,0.0
2,1776056333.5397658,0.0,0.0,-0.6104661206053615,-0.0,0.0,0.0,0.0,1.0,0.0,0.0,0.0
3,1776056333.5470266,0.0,0.0,-0.6089771490504623,-0.0,0.0,0.0,0.0,1.0,0.0,0.0,0.0
4,1776056333.5559132,0.0,0.0,-0.6074881774955632,-0.0,0.0,0.0,0.0,1.0,0.0,0.0,0.0
5,1776056333.565304,0.0,0.0,-0.6059992059406641,-0.0,0.0,0.0,0.0,1.0,0.0,0.0,0.0
6,1776056333.572515,0.0,0.0,-0.6045102343857649,-0.0,0.0,0.0,0.0,1.0,0.0,0.0,0.0
7,1776056333.5830204,0.0,0.0,-0.6030212628308658,-0.0,0.0,0.0,0.0,1.0,0.0,0.0,0.0
8,1776056333.590122,0.0,0.0,-0.6015322912759666,-0.0,0.0,0.0,0.0,1.0,0.0,0.0,0.0
9,1776056333.598453,0.0,0.0,-0.6000433197210675,-0.0,0.0,0.0,0.0,1.0,0.0,0.0,0.0
10,1776056333.6068995,0.0,0.0,-0.5985543481661681,-0.0,0.0,0.0,0.0,1.0,0.0,0.0,0.0
11,1776056333.6148436,0.0,0.0,-0.597065376611269,-0.0,0.0,0.0,0.0,1.0,0.0,0.0,0.0
12,1776056333.623709,0.0,0.0,-0.5955764050563699,-0.0,0.0,0.0,0.0,1.0,0.0,0.0,0.0
13,1776056333.6314301,0.0,0.0,-0.5940874335014709,-0.0,0.0,0.0,0.0,1.0,0.0,0.0,0.0
14,1776056333.6388555,0.0,0.0,-0.5925984619465716,-0.0,0.0,0.0,0.0,1.0,0.0,0.0,0.0
15,1776056333.6475666,0.0,0.0,-0.5911094903916725,-0.0,0.0,0.0,0.0,1.0,0.0,0.0,0.0
16,1776056333.6565053,0.0,0.0,-0.5896205188367734,-0.0,0.0,0.0,0.0,1.0,0.0,0.0,0.0
17,1776056333.665001,0.0,0.0,-0.5881315472818742,-0.0,0.0,0.0,0.0,1.0,0.0,0.0,0.0
18,1776056333.6725602,0.0,0.0,-0.586642575726975,-0.0,0.0,0.0,0.0,1.0,0.0,0.0,0.0
19,1776056333.680855,0.0,0.0,-0.5851536041720758,-0.0,0.0,0.0,0.0,1.0,0.0,0.0,0.0
20,1776056333.6893985,0.0,0.0,-0.5836646326171766,-0.0,0.0,0.0,0.0,1.0,0.0,0.0,0.0
21,1776056333.6976163,0.0,0.0,-0.5821756610622775,-0.0,0.0,0.0,0.0,1.0,0.0,0.0,0.0
22,1776056333.7063422,0.0,0.0,-0.5806866895073783,-0.0,0.0,0.0,0.0,1.0,0.0,0.0,0.0
23,1776056333.7151296,0.0,0.0,-0.5791977179524792,-0.0,0.0,0.0,0.0,1.0,0.0,0.0,0.0
24,1776056333.7232594,0.0,0.0,-0.5777087463975801,-0.0,0.0,0.0,0.0,1.0,0.0,0.0,0.0
25,1776056333.7327023,0.0,0.0,-0.5762197748426809,-0.0,0.0,0.0,0.0,1.0,0.0,0.0,0.0
26,1776056333.7399647,0.0,0.0,-0.5747308032877817,-0.0,0.0,0.0,0.0,1.0,0.0,0.0,0.0
27,1776056333.7487228,0.0,0.0,-0.5732418317328825,-0.0,0.0,0.0,0.0,1.0,0.0,0.0,0.0
28,1776056333.7569754,0.0,0.0,-0.5717528601779833,-0.0,0.0,0.0,0.0,1.0,0.0,0.0,0.0
29,1776056333.7646823,0.0,0.0,-0.5702638886230842,-0.0,0.0,0.0,0.0,1.0,0.0,0.0,0.0
30,1776056333.7727187,0.0,0.0,-0.5687749170681851,-0.0,0.0,0.0,0.0,1.0,0.0,0.0,0.0
31,1776056333.7810688,0.0,0.0,-0.5672859455132859,-0.0,0.0,0.0,0.0,1.0,0.0,0.0,0.0
32,1776056333.7889414,0.0,0.0,-0.5657969739583868,-0.0,0.0,0.0,0.0,1.0,0.0,0.0,0.0
33,1776056333.7981892,0.0,0.0,-0.5643080024034877,-0.0,0.0,0.0,0.0,1.0,0.0,0.0,0.0
34,1776056333.8054457,0.0,0.0,-0.5628190308485884,-0.0,0.0,0.0,0.0,1.0,0.0,0.0,0.0
35,1776056333.8137774,0.0,0.0,-0.5613300592936892,-0.0,0.0,0.0,0.0,1.0,0.0,0.0,0.0
36,1776056333.8227649,0.0,0.0,-0.55984108773879,-0.0,0.0,0.0,0.0,1.0,0.0,0.0,0.0
37,1776056333.8305233,0.0,0.0,-0.5583521161838909,-0.0,0.0,0.0,0.0,1.0,0.0,0.0,0.0
38,1776056333.8390005,0.0,0.0,-0.5568631446289918,-0.0,0.0,0.0,0.0,1.0,0.0,0.0,0.0
39,1776056333.8470771,0.0,0.0,-0.5553741730740926,-0.0,0.0,0.0,0.0,1.0,0.0,0.0,0.0
40,1776056333.8559587,0.0,0.0,-0.5538852015191935,-0.0,0.0,0.0,0.0,1.0,0.0,0.0,0.0
41,1776056333.8639772,0.0,0.0,-0.5523962299642944,-0.0,0.0,0.0,0.0,1.0,0.0,0.0,0.0
42,1776056333.8723633,0.0,0.0,-0.5509072584093951,-0.0,0.0,0.0,0.0,1.0,0.0,0.0,0.0
43,1776056333.8807714,0.0,0.0,-0.549418286854496,-0.0,0.0,0.0,0.0,1.0,0.0,0.0,0.0
44,1776056333.8890798,0.0,0.0,-0.5479293152995969,-0.0,0.0,0.0,0.0,1.0,0.0,0.0,0.0
45,1776056333.8971283,0.0,0.0,-0.5464403437446976,-0.0,0.0,0.0,0.0,1.0,0.0,0.0,0.0
46,1776056333.9054725,0.0,0.0,-0.5449513721897985,-0.0,0.0,0.0,0.0,1.0,0.0,0.0,0.0
47,1776056333.9139066,0.0,0.0,-0.5434624006348994,-0.0,0.0,0.0,0.0,1.0,0.0,0.0,0.0
48,1776056333.9235094,0.0,0.0,-0.5419734290800002,-0.0,0.0,0.0,0.0,1.0,0.0,0.0,0.0
49,1776056333.93126,0.0,0.0,-0.5404844575251011,-0.0,0.0,0.0,0.0,1.0,0.0,0.0,0.0
50,1776056333.9411762,0.0,0.0,-0.5389954859702017,-0.0,0.0,0.0,0.0,1.0,0.0,0.0,0.0
51,1776056333.9473112,0.0,0.0,-0.5375065144153026,-0.0,0.0,0.0,0.0,1.0,0.0,0.0,0.0
52,1776056333.9564743,0.0,0.0,-0.5360175428604035,-0.0,0.0,0.0,0.0,1.0,0.0,0.0,0.0
53,1776056333.9657292,0.0,0.0,-0.5345285713055044,-0.0,0.0,0.0,0.0,1.0,0.0,0.0,0.0
54,1776056333.9739604,0.0,0.0,-0.5330395997506052,-0.0,0.0,0.0,0.0,1.0,0.0,0.0,0.0
55,1776056333.9815166,0.0,0.0,-0.531550628195706,-0.0,0.0,0.0,0.0,1.0,0.0,0.0,0.0
56,1776056333.990999,0.0,0.0,-0.530061656640807,-0.0,0.0,0.0,0.0,1.0,0.0,0.0,0.0
57,1776056333.9984586,0.0,0.0,-0.5285726850859078,-0.0,0.0,0.0,0.0,1.0,0.0,0.0,0.0
58,1776056334.006301,0.0,0.0,-0.5270837135310086,-0.0,0.0,0.0,0.0,1.0,0.0,0.0,0.0
59,1776056334.013796,0.0,0.0,-0.5255947419761094,-0.0,0.0,0.0,0.0,1.0,0.0,0.0,0.0
60,1776056334.0234854,0.0,0.0,-0.5241057704212102,-0.0,0.0,0.0,0.0,1.0,0.0,0.0,0.0
61,1776056334.0313406,0.0,0.0,-0.5226167988663111,-0.0,0.0,0.0,0.0,1.0,0.0,0.0,0.0
62,1776056334.0391812,0.0,0.0,-0.5211278273114119,-0.0,0.0,0.0,0.0,1.0,0.0,0.0,0.0
63,1776056334.0480628,0.0,0.0,-0.5196388557565128,-0.0,0.0,0.0,0.0,1.0,0.0,0.0,0.0
64,1776056334.055239,0.0,0.0,-0.5181498842016137,-0.0,0.0,0.0,0.0,1.0,0.0,0.0,0.0
65,1776056334.0642035,0.0,0.0,-0.5166609126467145,-0.0,0.0,0.0,0.0,1.0,0.0,0.0,0.0
66,1776056334.0730848,0.0,0.0,-0.5151719410918153,-0.0,0.0,0.0,0.0,1.0,0.0,0.0,0.0
67,1776056334.0815303,0.0,0.0,-0.5136829695369162,-0.0,0.0,0.0,0.0,1.0,0.0,0.0,0.0
68,1776056334.0894713,0.0,0.0,-0.512193997982017,-0.0,0.0,0.0,0.0,1.0,0.0,0.0,0.0
69,1776056334.0971055,0.0,0.0,-0.5107050264271178,-0.0,0.0,0.0,0.0,1.0,0.0,0.0,0.0
70,1776056334.1056762,0.0,0.0,-0.5092160548722187,-0.0,0.0,0.0,0.0,1.0,0.0,0.0,0.0
71,1776056334.1147764,0.0,0.0,-0.5077270833173195,-0.0,0.0,0.0,0.0,1.0,0.0,0.0,0.0
72,1776056334.1230624,0.0,0.0,-0.5062381117624204,-0.0,0.0,0.0,0.0,1.0,0.0,0.0,0.0
73,1776056334.131794,0.0,0.0,-0.5047491402075213,-0.0,0.0,0.0,0.0,1.0,0.0,0.0,0.0
74,1776056334.1401887,0.0,0.0,-0.5032601686526219,-0.0,0.0,0.0,0.0,1.0,0.0,0.0,0.0
75,1776056334.1515024,0.0,0.0,-0.5017711970977228,-0.0,0.0,0.0,0.0,1.0,0.0,0.0,0.0
76,1776056334.159592,0.0,0.0,-0.5002822255428236,-0.0,0.0,0.0,0.0,1.0,0.0,0.0,0.0
77,1776056334.1666398,0.0,0.0,-0.4987932539879245,-0.0,0.0,0.0,0.0,1.0,0.0,0.0,0.0
78,1776056334.1746142,0.0,0.0,-0.4973042824330254,-0.0,0.0,0.0,0.0,1.0,0.0,0.0,0.0
79,1776056334.183466,0.0,0.0,-0.49581531087812625,-0.0,0.0,0.0,0.0,1.0,0.0,0.0,0.0
80,1776056334.188843,0.0,0.0,-0.4943263393232271,-0.0,0.0,0.0,0.0,1.0,0.0,0.0,0.0
81,1776056334.1978672,0.0,0.0,-0.492837367768328,-0.0,0.0,0.0,0.0,1.0,0.0,0.0,0.0
82,1776056334.205891,0.0,0.0,-0.49134839621342874,-0.0,0.0,0.0,0.0,1.0,0.0,0.0,0.0
83,1776056334.214436,0.0,0.0,-0.4898594246585296,-0.0,0.0,0.0,0.0,1.0,0.0,0.0,0.0
84,1776056334.2229457,0.0,0.0,-0.4883704531036305,-0.0,0.0,0.0,0.0,1.0,0.0,0.0,0.0
85,1776056334.2308242,0.0,0.0,-0.48688148154873134,-0.0,0.0,0.0,0.0,1.0,0.0,0.0,0.0
86,1776056334.238981,0.0,0.0,-0.485392509993832,-0.0,0.0,0.0,0.0,1.0,0.0,0.0,0.0
87,1776056334.2471104,0.0,0.0,-0.48390353843893286,-0.0,0.0,0.0,0.0,1.0,0.0,0.0,0.0
88,1776056334.255222,0.0,0.0,-0.4824145668840337,-0.0,0.0,0.0,0.0,1.0,0.0,0.0,0.0
89,1776056334.264665,0.0,0.0,-0.4809255953291347,-0.0,0.0,0.0,0.0,1.0,0.0,0.0,0.0
90,1776056334.2738383,0.0,0.0,-0.47943662377423546,-0.0,0.0,0.0,0.0,1.0,0.0,0.0,0.0
91,1776056334.2802527,0.0,0.0,-0.4779476522193363,-0.0,0.0,0.0,0.0,1.0,0.0,0.0,0.0
92,1776056334.2888708,0.0,0.0,-0.4764586806644372,-0.0,0.0,0.0,0.0,1.0,0.0,0.0,0.0
93,1776056334.2987976,0.0,0.0,-0.47496970910953795,-0.0,0.0,0.0,0.0,1.0,0.0,0.0,0.0
94,1776056334.305731,0.0,0.0,-0.4734807375546388,-0.0,0.0,0.0,0.0,1.0,0.0,0.0,0.0
95,1776056334.3149648,0.0,0.0,-0.4719917659997397,-0.0,0.0,0.0,0.0,1.0,0.0,0.0,0.0
96,1776056334.323556,0.0,0.0,-0.47050279444484044,-0.0,0.0,0.0,0.0,1.0,0.0,0.0,0.0
97,1776056334.3362627,0.0,0.0,-0.4690138228899414,-0.0,0.0,0.0,0.0,1.0,0.0,0.0,0.0
98,1776056334.349088,0.0,0.0,-0.46752485133504207,-0.0,0.0,0.0,0.0,1.0,0.0,0.0,0.0
99,1776056334.3593056,0.0,0.0,-0.46603587978014305,-0.0,0.0,0.0,0.0,1.0,0.0,0.0,0.0
100,1776056334.3698113,0.0,0.0,-0.4645469082252438,-0.0,0.0,0.0,0.0,1.0,0.0,0.0,0.0
101,1776056334.37997,0.0,0.0,-0.4630579366703448,-0.0,0.0,0.0,0.0,1.0,0.0,0.0,0.0
102,1776056334.3887908,0.0,0.0,-0.46156896511544554,-0.0,0.0,0.0,0.0,1.0,0.0,0.0,0.0
103,1776056334.397753,0.0,0.0,-0.4600799935605464,-0.0,0.0,0.0,0.0,1.0,0.0,0.0,0.0
104,1776056334.4075243,0.0,0.0,-0.4585910220056473,-0.0,0.0,0.0,0.0,1.0,0.0,0.0,0.0
105,1776056334.4155164,0.0,0.0,-0.45710205045074803,-0.0,0.0,0.0,0.0,1.0,0.0,0.0,0.0
106,1776056334.4235756,0.0,0.0,-0.4556130788958488,-0.0,0.0,0.0,0.0,1.0,0.0,0.0,0.0
107,1776056334.4309783,0.0,0.0,-0.45412410734094977,-0.0,0.0,0.0,0.0,1.0,0.0,0.0,0.0
108,1776056334.4392161,0.0,0.0,-0.4526351357860505,-0.0,0.0,0.0,0.0,1.0,0.0,0.0,0.0
109,1776056334.4480934,0.0,0.0,-0.4511461642311515,-0.0,0.0,0.0,0.0,1.0,0.0,0.0,0.0
110,1776056334.4572167,0.0,0.0,-0.44965719267625215,-0.0,0.0,0.0,0.0,1.0,0.0,0.0,0.0
111,1776056334.4642615,0.0,0.0,-0.448168221121353,-0.0,0.0,0.0,0.0,1.0,0.0,0.0,0.0
112,1776056334.4720926,0.0,0.0,-0.446679249566454,-0.0,0.0,0.0,0.0,1.0,0.0,0.0,0.0
113,1776056334.480916,0.0,0.0,-0.44519027801155475,-0.0,0.0,0.0,0.0,1.0,0.0,0.0,0.0
114,1776056334.4902039,0.0,0.0,-0.4437013064566556,-0.0,0.0,0.0,0.0,1.0,0.0,0.0,0.0
115,1776056334.49778,0.0,0.0,-0.4422123349017565,-0.0,0.0,0.0,0.0,1.0,0.0,0.0,0.0
116,1776056334.5058677,0.0,0.0,-0.44072336334685724,-0.0,0.0,0.0,0.0,1.0,0.0,0.0,0.0
117,1776056334.5148087,0.0,0.0,-0.4392343917919581,-0.0,0.0,0.0,0.0,1.0,0.0,0.0,0.0
118,1776056334.5229623,0.0,0.0,-0.437745420237059,-0.0,0.0,0.0,0.0,1.0,0.0,0.0,0.0
119,1776056334.5316784,0.0,0.0,-0.43625644868215985,-0.0,0.0,0.0,0.0,1.0,0.0,0.0,0.0
120,1776056334.5391202,0.0,0.0,-0.4347674771272607,-0.0,0.0,0.0,0.0,1.0,0.0,0.0,0.0
121,1776056334.5482423,0.0,0.0,-0.43327850557236147,-0.0,0.0,0.0,0.0,1.0,0.0,0.0,0.0
122,1776056334.5573573,0.0,0.0,-0.43178953401746234,-0.0,0.0,0.0,0.0,1.0,0.0,0.0,0.0
123,1776056334.5680914,0.0,0.0,-0.4303005624625632,-0.0,0.0,0.0,0.0,1.0,0.0,0.0,0.0
124,1776056334.577401,0.0,0.0,-0.4288115909076641,-0.0,0.0,0.0,0.0,1.0,0.0,0.0,0.0
125,1776056334.5849292,0.0,0.0,-0.42732261935276483,-0.0,0.0,0.0,0.0,1.0,0.0,0.0,0.0
126,1776056334.5921502,0.0,0.0,-0.4258336477978656,-0.0,0.0,0.0,0.0,1.0,0.0,0.0,0.0
127,1776056334.6013367,0.0,0.0,-0.42434467624296646,-0.0,0.0,0.0,0.0,1.0,0.0,0.0,0.0
128,1776056334.6129973,0.0,0.0,-0.42285570468806744,-0.0,0.0,0.0,0.0,1.0,0.0,0.0,0.0
129,1776056334.6207254,0.0,0.0,-0.4213667331331683,-0.0,0.0,0.0,0.0,1.0,0.0,0.0,0.0
130,1776056334.6308022,0.0,0.0,-0.41987776157826906,-0.0,0.0,0.0,0.0,1.0,0.0,0.0,0.0
131,1776056334.6434631,0.0,0.0,-0.4183887900233698,-0.0,0.0,0.0,0.0,1.0,0.0,0.0,0.0
132,1776056334.65938,0.0,0.0,-0.4168998184684708,-0.0,0.0,0.0,0.0,1.0,0.0,0.0,0.0
133,1776056334.670547,0.0,0.0,-0.41541084691357155,-0.0,0.0,0.0,0.0,1.0,0.0,0.0,0.0
134,1776056334.6779041,0.0,0.0,-0.4139218753586724,-0.0,0.0,0.0,0.0,1.0,0.0,0.0,0.0
135,1776056334.6874173,0.0,0.0,-0.4124329038037732,-0.0,0.0,0.0,0.0,1.0,0.0,0.0,0.0
136,1776056334.6967683,0.0,0.0,-0.41094393224887404,-0.0,0.0,0.0,0.0,1.0,0.0,0.0,0.0
137,1776056334.707053,0.0,0.0,-0.409454960693975,-0.0,0.0,0.0,0.0,1.0,0.0,0.0,0.0
138,1776056334.715718,0.0,0.0,-0.4079659891390758,-0.0,0.0,0.0,0.0,1.0,0.0,0.0,0.0
139,1776056334.7230513,0.0,0.0,-0.40647701758417665,-0.0,0.0,0.0,0.0,1.0,0.0,0.0,0.0
140,1776056334.7318685,0.0,0.0,-0.4049880460292775,-0.0,0.0,0.0,0.0,1.0,0.0,0.0,0.0
141,1776056334.7388825,0.0,0.0,-0.40349907447437827,-0.0,0.0,0.0,0.0,1.0,0.0,0.0,0.0
142,1776056334.7471614,0.0,0.0,-0.40201010291947914,-0.0,0.0,0.0,0.0,1.0,0.0,0.0,0.0
143,1776056334.7558231,0.0,0.0,-0.4005211313645799,-0.0,0.0,0.0,0.0,1.0,0.0,0.0,0.0
144,1776056334.7640295,0.0,0.0,-0.39903215980968076,-0.0,0.0,0.0,0.0,1.0,0.0,0.0,0.0
145,1776056334.7717805,0.0,0.0,-0.39754318825478174,-0.0,0.0,0.0,0.0,1.0,0.0,0.0,0.0
146,1776056334.7804415,0.0,0.0,-0.3960542166998824,-0.0,0.0,0.0,0.0,1.0,0.0,0.0,0.0
147,1776056334.788837,0.0,0.0,-0.39456524514498337,-0.0,0.0,0.0,0.0,1.0,0.0,0.0,0.0
148,1776056334.7967916,0.0,0.0,-0.3930762735900841,-0.0,0.0,0.0,0.0,1.0,0.0,0.0,0.0
149,1776056334.8052783,0.0,0.0,-0.391587302035185,-0.0,0.0,0.0,0.0,1.0,0.0,0.0,0.0
150,1776056334.813687,0.0,0.0,-0.39009833048028586,-0.0,0.0,0.0,0.0,1.0,0.0,0.0,0.0
151,1776056334.8221507,0.0,0.0,-0.3886093589253866,-0.0,0.0,0.0,0.0,1.0,0.0,0.0,0.0
152,1776056334.8318496,0.0,0.0,-0.3871203873704875,-0.0,0.0,0.0,0.0,1.0,0.0,0.0,0.0
153,1776056334.8385913,0.0,0.0,-0.38563141581558835,-0.0,0.0,0.0,0.0,1.0,0.0,0.0,0.0
154,1776056334.8474822,0.0,0.0,-0.3841424442606892,-0.0,0.0,0.0,0.0,1.0,0.0,0.0,0.0
155,1776056334.8557408,0.0,0.0,-0.3826534727057901,-0.0,0.0,0.0,0.0,1.0,0.0,0.0,0.0
156,1776056334.8640997,0.0,0.0,-0.38116450115089084,-0.0,0.0,0.0,0.0,1.0,0.0,0.0,0.0
157,1776056334.8722186,0.0,0.0,-0.3796755295959918,-0.0,0.0,0.0,0.0,1.0,0.0,0.0,0.0
158,1776056334.8808954,0.0,0.0,-0.37818655804109247,-0.0,0.0,0.0,0.0,1.0,0.0,0.0,0.0
159,1776056334.8888552,0.0,0.0,-0.37669758648619345,-0.0,0.0,0.0,0.0,1.0,0.0,0.0,0.0
160,1776056334.896787,0.0,0.0,-0.3752086149312942,-0.0,0.0,0.0,0.0,1.0,0.0,0.0,0.0
161,1776056334.9054313,0.0,0.0,-0.37371964337639507,-0.0,0.0,0.0,0.0,1.0,0.0,0.0,0.0
162,1776056334.9137554,0.0,0.0,-0.37223067182149594,-0.0,0.0,0.0,0.0,1.0,0.0,0.0,0.0
163,1776056334.9221768,0.0,0.0,-0.3707417002665967,-0.0,0.0,0.0,0.0,1.0,0.0,0.0,0.0
164,1776056334.930887,0.0,0.0,-0.3692527287116977,-0.0,0.0,0.0,0.0,1.0,0.0,0.0,0.0
165,1776056334.9393115,0.0,0.0,-0.36776375715679843,-0.0,0.0,0.0,0.0,1.0,0.0,0.0,0.0
166,1776056334.9470866,0.0,0.0,-0.3662747856018993,-0.0,0.0,0.0,0.0,1.0,0.0,0.0,0.0
167,1776056334.9564826,0.0,0.0,-0.36478581404700017,-0.0,0.0,0.0,0.0,1.0,0.0,0.0,0.0
168,1776056334.9653497,0.0,0.0,-0.3632968424921009,-0.0,0.0,0.0,0.0,1.0,0.0,0.0,0.0
169,1776056334.9748144,0.0,0.0,-0.3618078709372018,-0.0,0.0,0.0,0.0,1.0,0.0,0.0,0.0
170,1776056334.9825106,0.0,0.0,-0.36031889938230266,-0.0,0.0,0.0,0.0,1.0,0.0,0.0,0.0
171,1776056334.9905012,0.0,0.0,-0.3588299278274035,-0.0,0.0,0.0,0.0,1.0,0.0,0.0,0.0
172,1776056335.0006385,0.0,0.0,-0.3573409562725043,-0.0,0.0,0.0,0.0,1.0,0.0,0.0,0.0
173,1776056335.0123184,0.0,0.0,-0.35585198471760526,-0.0,0.0,0.0,0.0,1.0,0.0,0.0,0.0
174,1776056335.0228357,0.0,0.0,-0.354363013162706,-0.0,0.0,0.0,0.0,1.0,0.0,0.0,0.0
175,1776056335.0350254,0.0,0.0,-0.3528740416078069,-0.0,0.0,0.0,0.0,1.0,0.0,0.0,0.0
176,1776056335.0449138,0.0,0.0,-0.35138507005290764,-0.0,0.0,0.0,0.0,1.0,0.0,0.0,0.0
177,1776056335.0560238,0.0,0.0,-0.3498960984980085,-0.0,0.0,0.0,0.0,1.0,0.0,0.0,0.0
178,1776056335.0720432,0.0,0.0,-0.34840712694310927,-0.0,0.0,0.0,0.0,1.0,0.0,0.0,0.0
179,1776056335.084226,0.0,0.0,-0.34691815538821025,-0.0,0.0,0.0,0.0,1.0,0.0,0.0,0.0
180,1776056335.096683,0.0,0.0,-0.3454291838333109,-0.0,0.0,0.0,0.0,1.0,0.0,0.0,0.0
181,1776056335.1074138,0.0,0.0,-0.34394021227841187,-0.0,0.0,0.0,0.0,1.0,0.0,0.0,0.0
182,1776056335.1193895,0.0,0.0,-0.34245124072351274,-0.0,0.0,0.0,0.0,1.0,0.0,0.0,0.0
183,1776056335.1283622,0.0,0.0,-0.3409622691686136,-0.0,0.0,0.0,0.0,1.0,0.0,0.0,0.0
184,1776056335.1413774,0.0,0.0,-0.3394732976137145,-0.0,0.0,0.0,0.0,1.0,0.0,0.0,0.0
185,1776056335.1568255,0.0,0.0,-0.3379843260588151,-0.0,0.0,0.0,0.0,1.0,0.0,0.0,0.0
186,1776056335.1725688,0.0,0.0,-0.3364953545039161,-0.0,0.0,0.0,0.0,1.0,0.0,0.0,0.0
187,1776056335.1859722,0.0,0.0,-0.33500638294901686,-0.0,0.0,0.0,0.0,1.0,0.0,0.0,0.0
188,1776056335.1971664,0.0,0.0,-0.3335174113941176,-0.0,0.0,0.0,0.0,1.0,0.0,0.0,0.0
189,1776056335.2061915,0.0,0.0,-0.3320284398392187,-0.0,0.0,0.0,0.0,1.0,0.0,0.0,0.0
190,1776056335.2151957,0.0,0.0,-0.33053946828431946,-0.0,0.0,0.0,0.0,1.0,0.0,0.0,0.0
191,1776056335.2240653,0.0,0.0,-0.3290504967294203,-0.0,0.0,0.0,0.0,1.0,0.0,0.0,0.0
192,1776056335.2342257,0.0,0.0,-0.3275615251745211,-0.0,0.0,0.0,0.0,1.0,0.0,0.0,0.0
193,1776056335.24509,0.0,0.0,-0.32607255361962195,-0.0,0.0,0.0,0.0,1.0,0.0,0.0,0.0
194,1776056335.2573187,0.0,0.0,-0.3245835820647228,-0.0,0.0,0.0,0.0,1.0,0.0,0.0,0.0
195,1776056335.2714767,0.0,0.0,-0.3230946105098236,-0.0,0.0,0.0,0.0,1.0,0.0,0.0,0.0
196,1776056335.2866213,0.0,0.0,-0.32160563895492433,-0.0,0.0,0.0,0.0,1.0,0.0,0.0,0.0
197,1776056335.2978728,0.0,0.0,-0.3201166674000253,-0.0,0.0,0.0,0.0,1.0,0.0,0.0,0.0
198,1776056335.3099551,0.0,0.0,-0.3186276958451262,-0.0,0.0,0.0,0.0,1.0,0.0,0.0,0.0
199,1776056335.3209155,0.0,0.0,-0.31713872429022705,-0.0,0.0,0.0,0.0,1.0,0.0,0.0,0.0
200,1776056335.3312163,0.0,0.0,-0.3156497527353279,-0.0,0.0,0.0,0.0,1.0,0.0,0.0,0.0
201,1776056335.3424299,0.0,0.0,-0.31416078118042856,-0.0,0.0,0.0,0.0,1.0,0.0,0.0,0.0
202,1776056335.3534544,0.0,0.0,-0.31267180962552954,-0.0,0.0,0.0,0.0,1.0,0.0,0.0,0.0
203,1776056335.364595,0.0,0.0,-0.3111828380706303,-0.0,0.0,0.0,0.0,1.0,0.0,0.0,0.0
204,1776056335.3768766,0.0,0.0,-0.30969386651573105,-0.0,0.0,0.0,0.0,1.0,0.0,0.0,0.0
205,1776056335.386525,0.0,0.0,-0.30820489496083214,-0.0,0.0,0.0,0.0,1.0,0.0,0.0,0.0
206,1776056335.3946397,0.0,0.0,-0.3067159234059328,-0.0,0.0,0.0,0.0,1.0,0.0,0.0,0.0
207,1776056335.4008858,0.0,0.0,-0.3052269518510339,-0.0,0.0,0.0,0.0,1.0,0.0,0.0,0.0
208,1776056335.4084527,0.0,0.0,-0.3037379802961345,-0.0,0.0,0.0,0.0,1.0,0.0,0.0,0.0
209,1776056335.4158564,0.0,0.0,-0.3022490087412353,-0.0,0.0,0.0,0.0,1.0,0.0,0.0,0.0
210,1776056335.424648,0.0,0.0,-0.30076003718633626,-0.0,0.0,0.0,0.0,1.0,0.0,0.0,0.0
211,1776056335.4347248,0.0,0.0,-0.299271065631437,-0.0,0.0,0.0,0.0,1.0,0.0,0.0,0.0
212,1776056335.4448056,0.0,0.0,-0.2977820940765379,-0.0,0.0,0.0,0.0,1.0,0.0,0.0,0.0
213,1776056335.4559138,0.0,0.0,-0.29629312252163875,-0.0,0.0,0.0,0.0,1.0,0.0,0.0,0.0
214,1776056335.4648483,0.0,0.0,-0.29480415096673973,-0.0,0.0,0.0,0.0,1.0,0.0,0.0,0.0
215,1776056335.4746518,0.0,0.0,-0.2933151794118404,-0.0,0.0,0.0,0.0,1.0,0.0,0.0,0.0
216,1776056335.4844563,0.0,0.0,-0.29182620785694124,-0.0,0.0,0.0,0.0,1.0,0.0,0.0,0.0
217,1776056335.491587,0.0,0.0,-0.2903372363020421,-0.0,0.0,0.0,0.0,1.0,0.0,0.0,0.0
218,1776056335.5001013,0.0,0.0,-0.288848264747143,-0.0,0.0,0.0,0.0,1.0,0.0,0.0,0.0
219,1776056335.507755,0.0,0.0,-0.2873592931922436,-0.0,0.0,0.0,0.0,1.0,0.0,0.0,0.0
220,1776056335.5139482,0.0,0.0,-0.2858703216373446,-0.0,0.0,0.0,0.0,1.0,0.0,0.0,0.0
221,1776056335.522691,0.0,0.0,-0.2843813500824456,-0.0,0.0,0.0,0.0,1.0,0.0,0.0,0.0
222,1776056335.5310948,0.0,0.0,-0.28289237852754623,-0.0,0.0,0.0,0.0,1.0,0.0,0.0,0.0
223,1776056335.5388858,0.0,0.0,-0.2814034069726472,-0.0,0.0,0.0,0.0,1.0,0.0,0.0,0.0
224,1776056335.5469942,0.0,0.0,-0.27991443541774796,-0.0,0.0,0.0,0.0,1.0,0.0,0.0,0.0
225,1776056335.5569441,0.0,0.0,-0.27842546386284894,-0.0,0.0,0.0,0.0,1.0,0.0,0.0,0.0
226,1776056335.5655386,0.0,0.0,-0.2769364923079496,-0.0,0.0,0.0,0.0,1.0,0.0,0.0,0.0
227,1776056335.5734723,0.0,0.0,-0.27544752075305057,-0.0,0.0,0.0,0.0,1.0,0.0,0.0,0.0
228,1776056335.5829265,0.0,0.0,-0.2739585491981513,-0.0,0.0,0.0,0.0,1.0,0.0,0.0,0.0
229,1776056335.596003,0.0,0.0,-0.2724695776432522,-0.0,0.0,0.0,0.0,1.0,0.0,0.0,0.0
230,1776056335.6056328,0.0,0.0,-0.27098060608835295,-0.0,0.0,0.0,0.0,1.0,0.0,0.0,0.0
231,1776056335.6156087,0.0,0.0,-0.2694916345334539,-0.0,0.0,0.0,0.0,1.0,0.0,0.0,0.0
232,1776056335.6275477,0.0,0.0,-0.2680026629785548,-0.0,0.0,0.0,0.0,1.0,0.0,0.0,0.0
233,1776056335.6398942,0.0,0.0,-0.26651369142365544,-0.0,0.0,0.0,0.0,1.0,0.0,0.0,0.0
234,1776056335.651628,0.0,0.0,-0.2650247198687564,-0.0,0.0,0.0,0.0,1.0,0.0,0.0,0.0
235,1776056335.6621087,0.0,0.0,-0.2635357483138573,-0.0,0.0,0.0,0.0,1.0,0.0,0.0,0.0
236,1776056335.6726599,0.0,0.0,-0.26204677675895804,-0.0,0.0,0.0,0.0,1.0,0.0,0.0,0.0
237,1776056335.6838155,0.0,0.0,-0.2605578052040589,-0.0,0.0,0.0,0.0,1.0,0.0,0.0,0.0
238,1776056335.6947017,0.0,0.0,-0.2590688336491598,-0.0,0.0,0.0,0.0,1.0,0.0,0.0,0.0
239,1776056335.705284,0.0,0.0,-0.25757986209426065,-0.0,0.0,0.0,0.0,1.0,0.0,0.0,0.0
240,1776056335.7158408,0.0,0.0,-0.2560908905393614,-0.0,0.0,0.0,0.0,1.0,0.0,0.0,0.0
241,1776056335.727814,0.0,0.0,-0.25460191898446227,-0.0,0.0,0.0,0.0,1.0,0.0,0.0,0.0
242,1776056335.7390742,0.0,0.0,-0.25311294742956325,-0.0,0.0,0.0,0.0,1.0,0.0,0.0,0.0
243,1776056335.74959,0.0,0.0,-0.2516239758746639,-0.0,0.0,0.0,0.0,1.0,0.0,0.0,0.0
244,1776056335.7599452,0.0,0.0,-0.25013500431976465,-0.0,0.0,0.0,0.0,1.0,0.0,0.0,0.0
245,1776056335.7699687,0.0,0.0,-0.24864603276486574,-0.0,0.0,0.0,0.0,1.0,0.0,0.0,0.0
246,1776056335.7781298,0.0,0.0,-0.2471570612099664,-0.0,0.0,0.0,0.0,1.0,0.0,0.0,0.0
247,1776056335.7859101,0.0,0.0,-0.24566808965506737,-0.0,0.0,0.0,0.0,1.0,0.0,0.0,0.0
248,1776056335.798533,0.0,0.0,-0.24417911810016824,-0.0,0.0,0.0,0.0,1.0,0.0,0.0,0.0
249,1776056335.8142416,0.0,0.0,-0.24269014654526888,-0.0,0.0,0.0,0.0,1.0,0.0,0.0,0.0
250,1776056335.8236432,0.0,0.0,-0.24120117499036986,-0.0,0.0,0.0,0.0,1.0,0.0,0.0,0.0
251,1776056335.8329322,0.0,0.0,-0.23971220343547062,-0.0,0.0,0.0,0.0,1.0,0.0,0.0,0.0
252,1776056335.8447247,0.0,0.0,-0.2382232318805716,-0.0,0.0,0.0,0.0,1.0,0.0,0.0,0.0
253,1776056335.855777,0.0,0.0,-0.23673426032567235,-0.0,0.0,0.0,0.0,1.0,0.0,0.0,0.0
254,1776056335.8684037,0.0,0.0,-0.2352452887707731,-0.0,0.0,0.0,0.0,1.0,0.0,0.0,0.0
255,1776056335.8798628,0.0,0.0,-0.2337563172158742,-0.0,0.0,0.0,0.0,1.0,0.0,0.0,0.0
256,1776056335.8917134,0.0,0.0,-0.23226734566097484,-0.0,0.0,0.0,0.0,1.0,0.0,0.0,0.0
257,1776056335.89937,0.0,0.0,-0.2307783741060756,-0.0,0.0,0.0,0.0,1.0,0.0,0.0,0.0
258,1776056335.9063025,0.0,0.0,-0.22928940255117658,-0.0,0.0,0.0,0.0,1.0,0.0,0.0,0.0
259,1776056335.9139884,0.0,0.0,-0.22780043099627734,-0.0,0.0,0.0,0.0,1.0,0.0,0.0,0.0
260,1776056335.9229214,0.0,0.0,-0.2263114594413781,-0.0,0.0,0.0,0.0,1.0,0.0,0.0,0.0
261,1776056335.9339323,0.0,0.0,-0.22482248788647907,-0.0,0.0,0.0,0.0,1.0,0.0,0.0,0.0
262,1776056335.944486,0.0,0.0,-0.22333351633157994,-0.0,0.0,0.0,0.0,1.0,0.0,0.0,0.0
263,1776056335.9544318,0.0,0.0,-0.2218445447766808,-0.0,0.0,0.0,0.0,1.0,0.0,0.0,0.0
264,1776056335.9657745,0.0,0.0,-0.22035557322178145,-0.0,0.0,0.0,0.0,1.0,0.0,0.0,0.0
265,1776056335.9750423,0.0,0.0,-0.21886660166688243,-0.0,0.0,0.0,0.0,1.0,0.0,0.0,0.0
266,1776056335.9839187,0.0,0.0,-0.2173776301119833,-0.0,0.0,0.0,0.0,1.0,0.0,0.0,0.0
267,1776056335.992802,0.0,0.0,-0.21588865855708406,-0.0,0.0,0.0,0.0,1.0,0.0,0.0,0.0
268,1776056336.001363,0.0,0.0,-0.21439968700218492,-0.0,0.0,0.0,0.0,1.0,0.0,0.0,0.0
269,1776056336.0104868,0.0,0.0,-0.2129107154472858,-0.0,0.0,0.0,0.0,1.0,0.0,0.0,0.0
270,1776056336.0187824,0.0,0.0,-0.21142174389238655,-0.0,0.0,0.0,0.0,1.0,0.0,0.0,0.0
271,1776056336.0271325,0.0,0.0,-0.2099327723374873,-0.0,0.0,0.0,0.0,1.0,0.0,0.0,0.0
272,1776056336.034761,0.0,0.0,-0.2084438007825884,-0.0,0.0,0.0,0.0,1.0,0.0,0.0,0.0
273,1776056336.0421214,0.0,0.0,-0.20695482922768904,-0.0,0.0,0.0,0.0,1.0,0.0,0.0,0.0
274,1776056336.0499597,0.0,0.0,-0.2054658576727899,-0.0,0.0,0.0,0.0,1.0,0.0,0.0,0.0
275,1776056336.0579364,0.0,0.0,-0.2039768861178909,-0.0,0.0,0.0,0.0,1.0,0.0,0.0,0.0
276,1776056336.066452,0.0,0.0,-0.20248791456299153,-0.0,0.0,0.0,0.0,1.0,0.0,0.0,0.0
277,1776056336.0734446,0.0,0.0,-0.2009989430080925,-0.0,0.0,0.0,0.0,1.0,0.0,0.0,0.0
278,1776056336.082381,0.0,0.0,-0.19950997145319327,-0.0,0.0,0.0,0.0,1.0,0.0,0.0,0.0
279,1776056336.0910265,0.0,0.0,-0.19802099989829414,-0.0,0.0,0.0,0.0,1.0,0.0,0.0,0.0
280,1776056336.0990021,0.0,0.0,-0.196532028343395,-0.0,0.0,0.0,0.0,1.0,0.0,0.0,0.0
281,1776056336.1084244,0.0,0.0,-0.19504305678849576,-0.0,0.0,0.0,0.0,1.0,0.0,0.0,0.0
282,1776056336.1198256,0.0,0.0,-0.19355408523359685,-0.0,0.0,0.0,0.0,1.0,0.0,0.0,0.0
283,1776056336.1299422,0.0,0.0,-0.1920651136786975,-0.0,0.0,0.0,0.0,1.0,0.0,0.0,0.0
284,1776056336.141093,0.0,0.0,-0.19057614212379814,-0.0,0.0,0.0,0.0,1.0,0.0,0.0,0.0
285,1776056336.1492553,0.0,0.0,-0.18908717056889923,-0.0,0.0,0.0,0.0,1.0,0.0,0.0,0.0
286,1776056336.1572628,0.0,0.0,-0.1875981990140001,-0.0,0.0,0.0,0.0,1.0,0.0,0.0,0.0
287,1776056336.1658273,0.0,0.0,-0.18610922745910063,-0.0,0.0,0.0,0.0,1.0,0.0,0.0,0.0
288,1776056336.1741033,0.0,0.0,-0.18462025590420172,-0.0,0.0,0.0,0.0,1.0,0.0,0.0,0.0
289,1776056336.1817162,0.0,0.0,-0.18313128434930248,-0.0,0.0,0.0,0.0,1.0,0.0,0.0,0.0
290,1776056336.1907303,0.0,0.0,-0.18164231279440346,-0.0,0.0,0.0,0.0,1.0,0.0,0.0,0.0
291,1776056336.1989722,0.0,0.0,-0.1801533412395041,-0.0,0.0,0.0,0.0,1.0,0.0,0.0,0.0
292,1776056336.2061265,0.0,0.0,-0.17866436968460508,-0.0,0.0,0.0,0.0,1.0,0.0,0.0,0.0
293,1776056336.2145488,0.0,0.0,-0.17717539812970595,-0.0,0.0,0.0,0.0,1.0,0.0,0.0,0.0
294,1776056336.2232044,0.0,0.0,-0.1756864265748066,-0.0,0.0,0.0,0.0,1.0,0.0,0.0,0.0
295,1776056336.2311022,0.0,0.0,-0.17419745501990758,-0.0,0.0,0.0,0.0,1.0,0.0,0.0,0.0
296,1776056336.2393196,0.0,0.0,-0.17270848346500844,-0.0,0.0,0.0,0.0,1.0,0.0,0.0,0.0
297,1776056336.246942,0.0,0.0,-0.1712195119101093,-0.0,0.0,0.0,0.0,1.0,0.0,0.0,0.0
298,1776056336.2560134,0.0,0.0,-0.16973054035521007,-0.0,0.0,0.0,0.0,1.0,0.0,0.0,0.0
299,1776056336.2647882,0.0,0.0,-0.16824156880031094,-0.0,0.0,0.0,0.0,1.0,0.0,0.0,0.0
300,1776056336.2726817,0.0,0.0,-0.1667525972454117,-0.0,0.0,0.0,0.0,1.0,0.0,0.0,0.0
301,1776056336.2807152,0.0,0.0,-0.16526362569051256,-0.0,0.0,0.0,0.0,1.0,0.0,0.0,0.0
302,1776056336.289252,0.0,0.0,-0.16377465413561354,-0.0,0.0,0.0,0.0,1.0,0.0,0.0,0.0
303,1776056336.2976499,0.0,0.0,-0.1622856825807143,-0.0,0.0,0.0,0.0,1.0,0.0,0.0,0.0
304,1776056336.3062036,0.0,0.0,-0.16079671102581505,-0.0,0.0,0.0,0.0,1.0,0.0,0.0,0.0
305,1776056336.3145432,0.0,0.0,-0.15930773947091592,-0.0,0.0,0.0,0.0,1.0,0.0,0.0,0.0
306,1776056336.322352,0.0,0.0,-0.1578187679160169,-0.0,0.0,0.0,0.0,1.0,0.0,0.0,0.0
307,1776056336.3301952,0.0,0.0,-0.15632979636111755,-0.0,0.0,0.0,0.0,1.0,0.0,0.0,0.0
308,1776056336.3385549,0.0,0.0,-0.1548408248062184,-0.0,0.0,0.0,0.0,1.0,0.0,0.0,0.0
309,1776056336.348691,0.0,0.0,-0.1533518532513194,-0.0,0.0,0.0,0.0,1.0,0.0,0.0,0.0
310,1776056336.355827,0.0,0.0,-0.15186288169642026,-0.0,0.0,0.0,0.0,1.0,0.0,0.0,0.0
311,1776056336.36381,0.0,0.0,-0.1503739101415208,-0.0,0.0,0.0,0.0,1.0,0.0,0.0,0.0
312,1776056336.372889,0.0,0.0,-0.14888493858662177,-0.0,0.0,0.0,0.0,1.0,0.0,0.0,0.0
313,1776056336.3815713,0.0,0.0,-0.14739596703172275,-0.0,0.0,0.0,0.0,1.0,0.0,0.0,0.0
314,1776056336.3886228,0.0,0.0,-0.14590699547682373,-0.0,0.0,0.0,0.0,1.0,0.0,0.0,0.0
315,1776056336.397181,0.0,0.0,-0.14441802392192438,-0.0,0.0,0.0,0.0,1.0,0.0,0.0,0.0
316,1776056336.406044,0.0,0.0,-0.14292905236702513,-0.0,0.0,0.0,0.0,1.0,0.0,0.0,0.0
317,1776056336.4150238,0.0,0.0,-0.14144008081212622,-0.0,0.0,0.0,0.0,1.0,0.0,0.0,0.0
318,1776056336.4222443,0.0,0.0,-0.13995110925722698,-0.0,0.0,0.0,0.0,1.0,0.0,0.0,0.0
319,1776056336.4303176,0.0,0.0,-0.13846213770232763,-0.0,0.0,0.0,0.0,1.0,0.0,0.0,0.0
320,1776056336.4393518,0.0,0.0,-0.13697316614742872,-0.0,0.0,0.0,0.0,1.0,0.0,0.0,0.0
321,1776056336.4475617,0.0,0.0,-0.13548419459252936,-0.0,0.0,0.0,0.0,1.0,0.0,0.0,0.0
322,1776056336.4561703,0.0,0.0,-0.13399522303763034,-0.0,0.0,0.0,0.0,1.0,0.0,0.0,0.0
323,1776056336.4646568,0.0,0.0,-0.1325062514827311,-0.0,0.0,0.0,0.0,1.0,0.0,0.0,0.0
324,1776056336.4722037,0.0,0.0,-0.13101727992783196,-0.0,0.0,0.0,0.0,1.0,0.0,0.0,0.0
325,1776056336.4814043,0.0,0.0,-0.12952830837293294,-0.0,0.0,0.0,0.0,1.0,0.0,0.0,0.0
326,1776056336.490074,0.0,0.0,-0.1280393368180336,-0.0,0.0,0.0,0.0,1.0,0.0,0.0,0.0
327,1776056336.4984255,0.0,0.0,-0.12655036526313457,-0.0,0.0,0.0,0.0,1.0,0.0,0.0,0.0
328,1776056336.506718,0.0,0.0,-0.12506139370823532,-0.0,0.0,0.0,0.0,1.0,0.0,0.0,0.0
329,1776056336.51488,0.0,0.0,-0.12357242215333608,-0.0,0.0,0.0,0.0,1.0,0.0,0.0,0.0
330,1776056336.523921,0.0,0.0,-0.12208345059843706,-0.0,0.0,0.0,0.0,1.0,0.0,0.0,0.0
331,1776056336.5305023,0.0,0.0,-0.12059447904353793,-0.0,0.0,0.0,0.0,1.0,0.0,0.0,0.0
332,1776056336.5395484,0.0,0.0,-0.11910550748863846,-0.0,0.0,0.0,0.0,1.0,0.0,0.0,0.0
333,1776056336.5473585,0.0,0.0,-0.11761653593373955,-0.0,0.0,0.0,0.0,1.0,0.0,0.0,0.0
334,1776056336.5553315,0.0,0.0,-0.11612756437884042,-0.0,0.0,0.0,0.0,1.0,0.0,0.0,0.0
335,1776056336.5654807,0.0,0.0,-0.11463859282394118,-0.0,0.0,0.0,0.0,1.0,0.0,0.0,0.0
336,1776056336.574417,0.0,0.0,-0.11314962126904204,-0.0,0.0,0.0,0.0,1.0,0.0,0.0,0.0
337,1776056336.581766,0.0,0.0,-0.1116606497141428,-0.0,0.0,0.0,0.0,1.0,0.0,0.0,0.0
338,1776056336.593992,0.0,0.0,-0.11017167815924378,-0.0,0.0,0.0,0.0,1.0,0.0,0.0,0.0
339,1776056336.6036608,0.0,0.0,-0.10868270660434443,-0.0,0.0,0.0,0.0,1.0,0.0,0.0,0.0
340,1776056336.6138175,0.0,0.0,-0.1071937350494454,-0.0,0.0,0.0,0.0,1.0,0.0,0.0,0.0
341,1776056336.6240463,0.0,0.0,-0.10570476349454638,-0.0,0.0,0.0,0.0,1.0,0.0,0.0,0.0
342,1776056336.6361995,0.0,0.0,-0.10421579193964703,-0.0,0.0,0.0,0.0,1.0,0.0,0.0,0.0
343,1776056336.6484363,0.0,0.0,-0.10272682038474779,-0.0,0.0,0.0,0.0,1.0,0.0,0.0,0.0
344,1776056336.6598692,0.0,0.0,-0.10123784882984876,-0.0,0.0,0.0,0.0,1.0,0.0,0.0,0.0
345,1776056336.672322,0.0,0.0,-0.09974887727494963,-0.0,0.0,0.0,0.0,1.0,0.0,0.0,0.0
346,1776056336.6822276,0.0,0.0,-0.09825990572005039,-0.0,0.0,0.0,0.0,1.0,0.0,0.0,0.0
347,1776056336.6918821,0.0,0.0,-0.09677093416515126,-0.0,0.0,0.0,0.0,1.0,0.0,0.0,0.0
348,1776056336.7004235,0.0,0.0,-0.09528196261025201,-0.0,0.0,0.0,0.0,1.0,0.0,0.0,0.0
349,1776056336.7098227,0.0,0.0,-0.09379299105535288,-0.0,0.0,0.0,0.0,1.0,0.0,0.0,0.0
350,1776056336.7196672,0.0,0.0,-0.09230401950045375,-0.0,0.0,0.0,0.0,1.0,0.0,0.0,0.0
351,1776056336.7266498,0.0,0.0,-0.09081504794555462,-0.0,0.0,0.0,0.0,1.0,0.0,0.0,0.0
352,1776056336.7346213,0.0,0.0,-0.08932607639065548,-0.0,0.0,0.0,0.0,1.0,0.0,0.0,0.0
353,1776056336.7447686,0.0,0.0,-0.08783710483575624,-0.0,0.0,0.0,0.0,1.0,0.0,0.0,0.0
354,1776056336.7538476,0.0,0.0,-0.08634813328085722,-0.0,0.0,0.0,0.0,1.0,0.0,0.0,0.0
355,1776056336.7629092,0.0,0.0,-0.08485916172595798,-0.0,0.0,0.0,0.0,1.0,0.0,0.0,0.0
356,1776056336.7722163,0.0,0.0,-0.08337019017105873,-0.0,0.0,0.0,0.0,1.0,0.0,0.0,0.0
357,1776056336.782842,0.0,0.0,-0.0818812186161596,-0.0,0.0,0.0,0.0,1.0,0.0,0.0,0.0
358,1776056336.792355,0.0,0.0,-0.08039224706126058,-0.0,0.0,0.0,0.0,1.0,0.0,0.0,0.0
359,1776056336.8049312,0.0,0.0,-0.07890327550636111,-0.0,0.0,0.0,0.0,1.0,0.0,0.0,0.0
360,1776056336.8221142,0.0,0.0,-0.0774143039514622,-0.0,0.0,0.0,0.0,1.0,0.0,0.0,0.0
361,1776056336.83729,0.0,0.0,-0.07592533239656307,-0.0,0.0,0.0,0.0,1.0,0.0,0.0,0.0
362,1776056336.8495374,0.0,0.0,-0.07443636084166383,-0.0,0.0,0.0,0.0,1.0,0.0,0.0,0.0
363,1776056336.8603487,0.0,0.0,-0.0729473892867647,-0.0,0.0,0.0,0.0,1.0,0.0,0.0,0.0
364,1776056336.870875,0.0,0.0,-0.07145841773186545,-0.0,0.0,0.0,0.0,1.0,0.0,0.0,0.0
365,1776056336.8813026,0.0,0.0,-0.06996944617696643,-0.0,0.0,0.0,0.0,1.0,0.0,0.0,0.0
366,1776056336.8889885,0.0,0.0,-0.06848047462206708,-0.0,0.0,0.0,0.0,1.0,0.0,0.0,0.0
367,1776056336.897401,0.0,0.0,-0.06699150306716795,-0.0,0.0,0.0,0.0,1.0,0.0,0.0,0.0
368,1776056336.9058588,0.0,0.0,-0.06550253151226904,-0.0,0.0,0.0,0.0,1.0,0.0,0.0,0.0
369,1776056336.9171183,0.0,0.0,-0.06401355995736968,-0.0,0.0,0.0,0.0,1.0,0.0,0.0,0.0
370,1776056336.9328046,0.0,0.0,-0.06252458840247066,-0.0,0.0,0.0,0.0,1.0,0.0,0.0,0.0
371,1776056336.951216,0.0,0.0,-0.06103561684757142,-0.0,0.0,0.0,0.0,1.0,0.0,0.0,0.0
372,1776056336.966066,0.0,0.0,-0.05954664529267217,-0.0,0.0,0.0,0.0,1.0,0.0,0.0,0.0
373,1776056336.976537,0.0,0.0,-0.05805767373777304,-0.0,0.0,0.0,0.0,1.0,0.0,0.0,0.0
374,1776056336.9873755,0.0,0.0,-0.05656870218287391,-0.0,0.0,0.0,0.0,1.0,0.0,0.0,0.0
375,1776056336.9967866,0.0,0.0,-0.05507973062797478,-0.0,0.0,0.0,0.0,1.0,0.0,0.0,0.0
376,1776056337.0087411,0.0,0.0,-0.05359075907307553,-0.0,0.0,0.0,0.0,1.0,0.0,0.0,0.0
377,1776056337.01809,0.0,0.0,-0.0521017875181764,-0.0,0.0,0.0,0.0,1.0,0.0,0.0,0.0
378,1776056337.0291395,0.0,0.0,-0.05061281596327738,-0.0,0.0,0.0,0.0,1.0,0.0,0.0,0.0
379,1776056337.039697,0.0,0.0,-0.04912384440837814,-0.0,0.0,0.0,0.0,1.0,0.0,0.0,0.0
380,1776056337.0480046,0.0,0.0,-0.04763487285347889,-0.0,0.0,0.0,0.0,1.0,0.0,0.0,0.0
381,1776056337.0569704,0.0,0.0,-0.04614590129857987,-0.0,0.0,0.0,0.0,1.0,0.0,0.0,0.0
382,1776056337.0668197,0.0,0.0,-0.04465692974368052,-0.0,0.0,0.0,0.0,1.0,0.0,0.0,0.0
383,1776056337.0772846,0.0,0.0,-0.043167958188781386,-0.0,0.0,0.0,0.0,1.0,0.0,0.0,0.0
384,1776056337.0858145,0.0,0.0,-0.041678986633882364,-0.0,0.0,0.0,0.0,1.0,0.0,0.0,0.0
385,1776056337.0948093,0.0,0.0,-0.04019001507898323,-0.0,0.0,0.0,0.0,1.0,0.0,0.0,0.0
386,1776056337.1033256,0.0,0.0,-0.0387010435240841,-0.0,0.0,0.0,0.0,1.0,0.0,0.0,0.0
387,1776056337.1103785,0.0,0.0,-0.037212071969184746,-0.0,0.0,0.0,0.0,1.0,0.0,0.0,0.0
388,1776056337.1171894,0.0,0.0,-0.035723100414285724,-0.0,0.0,0.0,0.0,1.0,0.0,0.0,0.0
389,1776056337.123859,0.0,0.0,-0.03423412885938648,-0.0,0.0,0.0,0.0,1.0,0.0,0.0,0.0
390,1776056337.1321523,0.0,0.0,-0.03274515730448735,-0.0,0.0,0.0,0.0,1.0,0.0,0.0,0.0
391,1776056337.1413045,0.0,0.0,-0.031256185749588106,-0.0,0.0,0.0,0.0,1.0,0.0,0.0,0.0
392,1776056337.1524904,0.0,0.0,-0.029767214194689084,-0.0,0.0,0.0,0.0,1.0,0.0,0.0,0.0
393,1776056337.1637554,0.0,0.0,-0.02827824263978973,-0.0,0.0,0.0,0.0,1.0,0.0,0.0,0.0
394,1776056337.1754057,0.0,0.0,-0.02678927108489071,-0.0,0.0,0.0,0.0,1.0,0.0,0.0,0.0
395,1776056337.1857808,0.0,0.0,-0.025300299529991688,-0.0,0.0,0.0,0.0,1.0,0.0,0.0,0.0
396,1776056337.1966596,0.0,0.0,-0.023811327975092333,-0.0,0.0,0.0,0.0,1.0,0.0,0.0,0.0
397,1776056337.2075865,0.0,0.0,-0.0223223564201932,-0.0,0.0,0.0,0.0,1.0,0.0,0.0,0.0
398,1776056337.2180033,0.0,0.0,-0.02083338486529407,-0.0,0.0,0.0,0.0,1.0,0.0,0.0,0.0
399,1776056337.2288623,0.0,0.0,-0.019344413310394937,-0.0,0.0,0.0,0.0,1.0,0.0,0.0,0.0
400,1776056337.2397926,0.0,0.0,-0.017855441755495693,-0.0,0.0,0.0,0.0,1.0,0.0,0.0,0.0
401,1776056337.2513824,0.0,0.0,-0.01636647020059656,-0.0,0.0,0.0,0.0,1.0,0.0,0.0,0.0
402,1776056337.2626388,0.0,0.0,-0.01487749864569754,-0.0,0.0,0.0,0.0,1.0,0.0,0.0,0.0
403,1776056337.2740257,0.0,0.0,-0.013388527090798408,-0.0,0.0,0.0,0.0,1.0,0.0,0.0,0.0
404,1776056337.2842138,0.0,0.0,-0.011899555535899053,-0.0,0.0,0.0,0.0,1.0,0.0,0.0,0.0
405,1776056337.295174,0.0,0.0,-0.010410583981000032,-0.0,0.0,0.0,0.0,1.0,0.0,0.0,0.0
406,1776056337.306143,0.0,0.0,-0.0089216124261009,-0.0,0.0,0.0,0.0,1.0,0.0,0.0,0.0
407,1776056337.3169172,0.0,0.0,-0.007432640871201435,-0.0,0.0,0.0,0.0,1.0,0.0,0.0,0.0
408,1776056337.3278277,0.0,0.0,-0.0059436693163025245,-0.0,0.0,0.0,0.0,1.0,0.0,0.0,0.0
409,1776056337.3380895,0.0,0.0,-0.004454697761403392,-0.0,0.0,0.0,0.0,1.0,0.0,0.0,0.0
410,1776056337.3488033,0.0,0.0,-0.00296572620650426,-0.0,0.0,0.0,0.0,1.0,0.0,0.0,0.0
411,1776056337.3601758,0.0,0.0,-0.0014767546516050167,-0.0,0.0,0.0,0.0,1.0,0.0,0.0,0.0
412,1776056337.3714254,0.0,0.0,1.2216903294115511e-05,-0.0,0.0,0.0,0.0,1.0,0.0,0.0,0.0
413,1776056337.382093,0.0,0.0,0.0015011884581932478,-0.0,0.0,0.0,0.0,1.0,0.0,0.0,0.0
414,1776056337.3936207,0.0,0.0,0.00299016001309238,-0.0,0.0,0.0,0.0,1.0,0.0,0.0,0.0
415,1776056337.4047782,0.0,0.0,0.004479131567991734,-0.0,0.0,0.0,0.0,1.0,0.0,0.0,0.0
416,1776056337.4166694,0.0,0.0,0.0059681031228906445,-0.0,0.0,0.0,0.0,1.0,0.0,0.0,0.0
417,1776056337.42806,0.0,0.0,0.007457074677789777,-0.0,0.0,0.0,0.0,1.0,0.0,0.0,0.0
418,1776056337.4384124,0.0,0.0,0.008946046232689131,-0.0,0.0,0.0,0.0,1.0,0.0,0.0,0.0
419,1776056337.4491825,0.0,0.0,0.010435017787588263,-0.0,0.0,0.0,0.0,1.0,0.0,0.0,0.0
420,1776056337.4601703,0.0,0.0,0.011923989342487396,-0.0,0.0,0.0,0.0,1.0,0.0,0.0,0.0
421,1776056337.4711156,0.0,0.0,0.01341296089738675,-0.0,0.0,0.0,0.0,1.0,0.0,0.0,0.0
422,1776056337.482424,0.0,0.0,0.01490193245228566,-0.0,0.0,0.0,0.0,1.0,0.0,0.0,0.0
423,1776056337.4936771,0.0,0.0,0.016390904007185014,-0.0,0.0,0.0,0.0,1.0,0.0,0.0,0.0
424,1776056337.505076,0.0,0.0,0.017879875562083924,-0.0,0.0,0.0,0.0,1.0,0.0,0.0,0.0
425,1776056337.5162985,0.0,0.0,0.01936884711698328,-0.0,0.0,0.0,0.0,1.0,0.0,0.0,0.0
426,1776056337.526552,0.0,0.0,0.02085781867188241,-0.0,0.0,0.0,0.0,1.0,0.0,0.0,0.0
427,1776056337.5386603,0.0,0.0,0.02234679022678132,-0.0,0.0,0.0,0.0,1.0,0.0,0.0,0.0
428,1776056337.5488527,0.0,0.0,0.023835761781680898,-0.0,0.0,0.0,0.0,1.0,0.0,0.0,0.0
429,1776056337.5607934,0.0,0.0,0.025324733336579808,-0.0,0.0,0.0,0.0,1.0,0.0,0.0,0.0
430,1776056337.572293,0.0,0.0,0.026813704891479162,-0.0,0.0,0.0,0.0,1.0,0.0,0.0,0.0
431,1776056337.5838463,0.0,0.0,0.028302676446378294,-0.0,0.0,0.0,0.0,1.0,0.0,0.0,0.0
432,1776056337.594719,0.0,0.0,0.029791648001277427,-0.0,0.0,0.0,0.0,1.0,0.0,0.0,0.0
433,1776056337.6055367,0.0,0.0,0.03128061955617656,-0.0,0.0,0.0,0.0,1.0,0.0,0.0,0.0
434,1776056337.6159222,0.0,0.0,0.03276959111107569,-0.0,0.0,0.0,0.0,1.0,0.0,0.0,0.0
435,1776056337.6267605,0.0,0.0,0.03425856266597482,-0.0,0.0,0.0,0.0,1.0,0.0,0.0,0.0
436,1776056337.6364243,0.0,0.0,0.035747534220873955,-0.0,0.0,0.0,0.0,1.0,0.0,0.0,0.0
437,1776056337.6467037,0.0,0.0,0.03723650577577309,-0.0,0.0,0.0,0.0,1.0,0.0,0.0,0.0
438,1776056337.6569922,0.0,0.0,0.03872547733067244,-0.0,0.0,0.0,0.0,1.0,0.0,0.0,0.0
439,1776056337.667366,0.0,0.0,0.040214448885571574,-0.0,0.0,0.0,0.0,1.0,0.0,0.0,0.0
440,1776056337.6776693,0.0,0.0,0.041703420440470707,-0.0,0.0,0.0,0.0,1.0,0.0,0.0,0.0
441,1776056337.688884,0.0,0.0,0.04319239199537006,-0.0,0.0,0.0,0.0,1.0,0.0,0.0,0.0
442,1776056337.700594,0.0,0.0,0.04468136355026897,-0.0,0.0,0.0,0.0,1.0,0.0,0.0,0.0
443,1776056337.7116277,0.0,0.0,0.0461703351051681,-0.0,0.0,0.0,0.0,1.0,0.0,0.0,0.0
444,1776056337.723811,0.0,0.0,0.04765930666006746,-0.0,0.0,0.0,0.0,1.0,0.0,0.0,0.0
445,1776056337.73568,0.0,0.0,0.04914827821496637,-0.0,0.0,0.0,0.0,1.0,0.0,0.0,0.0
446,1776056337.7469466,0.0,0.0,0.05063724976986572,-0.0,0.0,0.0,0.0,1.0,0.0,0.0,0.0
447,1776056337.758414,0.0,0.0,0.052126221324764854,-0.0,0.0,0.0,0.0,1.0,0.0,0.0,0.0
448,1776056337.768921,0.0,0.0,0.053615192879663987,-0.0,0.0,0.0,0.0,1.0,0.0,0.0,0.0
449,1776056337.7763016,0.0,0.0,0.05510416443456312,-0.0,0.0,0.0,0.0,1.0,0.0,0.0,0.0
450,1776056337.7823408,0.0,0.0,0.05659313598946203,-0.0,0.0,0.0,0.0,1.0,0.0,0.0,0.0
451,1776056337.7894416,0.0,0.0,0.058082107544361605,-0.0,0.0,0.0,0.0,1.0,0.0,0.0,0.0
452,1776056337.7967632,0.0,0.0,0.05957107909926074,-0.0,0.0,0.0,0.0,1.0,0.0,0.0,0.0
453,1776056337.80592,0.0,0.0,0.06106005065415965,-0.0,0.0,0.0,0.0,1.0,0.0,0.0,0.0
454,1776056337.8144376,0.0,0.0,0.06254902220905878,-0.0,0.0,0.0,0.0,1.0,0.0,0.0,0.0
455,1776056337.822337,0.0,0.0,0.06403799376395813,-0.0,0.0,0.0,0.0,1.0,0.0,0.0,0.0
456,1776056337.8305628,0.0,0.0,0.06552696531885727,-0.0,0.0,0.0,0.0,1.0,0.0,0.0,0.0
457,1776056337.839462,0.0,0.0,0.0670159368737564,-0.0,0.0,0.0,0.0,1.0,0.0,0.0,0.0
458,1776056337.8476725,0.0,0.0,0.06850490842865531,-0.0,0.0,0.0,0.0,1.0,0.0,0.0,0.0
459,1776056337.8561435,0.0,0.0,0.06999387998355466,-0.0,0.0,0.0,0.0,1.0,0.0,0.0,0.0
460,1776056337.8637683,0.0,0.0,0.0714828515384538,-0.0,0.0,0.0,0.0,1.0,0.0,0.0,0.0
461,1776056337.8723567,0.0,0.0,0.07297182309335293,-0.0,0.0,0.0,0.0,1.0,0.0,0.0,0.0
462,1776056337.8806767,0.0,0.0,0.07446079464825228,-0.0,0.0,0.0,0.0,1.0,0.0,0.0,0.0
463,1776056337.8892033,0.0,0.0,0.07594976620315141,-0.0,0.0,0.0,0.0,1.0,0.0,0.0,0.0
464,1776056337.8975163,0.0,0.0,0.07743873775805032,-0.0,0.0,0.0,0.0,1.0,0.0,0.0,0.0
465,1776056337.9053333,0.0,0.0,0.07892770931294968,-0.0,0.0,0.0,0.0,1.0,0.0,0.0,0.0
466,1776056337.9138658,0.0,0.0,0.08041668086784881,-0.0,0.0,0.0,0.0,1.0,0.0,0.0,0.0
467,1776056337.9225345,0.0,0.0,0.08190565242274794,-0.0,0.0,0.0,0.0,1.0,0.0,0.0,0.0
468,1776056337.9317954,0.0,0.0,0.08339462397764708,-0.0,0.0,0.0,0.0,1.0,0.0,0.0,0.0
469,1776056337.9414983,0.0,0.0,0.08488359553254621,-0.0,0.0,0.0,0.0,1.0,0.0,0.0,0.0
470,1776056337.9512312,0.0,0.0,0.08637256708744534,-0.0,0.0,0.0,0.0,1.0,0.0,0.0,0.0
471,1776056337.9606934,0.0,0.0,0.08786153864234447,-0.0,0.0,0.0,0.0,1.0,0.0,0.0,0.0
472,1776056337.9684181,0.0,0.0,0.0893505101972436,-0.0,0.0,0.0,0.0,1.0,0.0,0.0,0.0
473,1776056337.9767442,0.0,0.0,0.09083948175214296,-0.0,0.0,0.0,0.0,1.0,0.0,0.0,0.0
474,1776056337.9838846,0.0,0.0,0.09232845330704187,-0.0,0.0,0.0,0.0,1.0,0.0,0.0,0.0
475,1776056337.990054,0.0,0.0,0.09381742486194122,-0.0,0.0,0.0,0.0,1.0,0.0,0.0,0.0
476,1776056337.9979677,0.0,0.0,0.09530639641684058,-0.0,0.0,0.0,0.0,1.0,0.0,0.0,0.0
477,1776056338.005588,0.0,0.0,0.09679536797173949,-0.0,0.0,0.0,0.0,1.0,0.0,0.0,0.0
478,1776056338.0141184,0.0,0.0,0.09828433952663862,-0.0,0.0,0.0,0.0,1.0,0.0,0.0,0.0
479,1776056338.022099,0.0,0.0,0.0997733110815382,-0.0,0.0,0.0,0.0,1.0,0.0,0.0,0.0
480,1776056338.0308652,0.0,0.0,0.0997733110815382,-0.0,0.0,0.0,0.0,1.0,0.0,0.0,0.0
481,1776056338.0388038,0.0,0.0,0.0997733110815382,-0.0,0.0,0.0,0.0,1.0,0.0,0.0,0.0
482,1776056338.0474331,0.0,0.0,0.0997733110815382,-0.0,0.0,0.0,0.0,1.0,0.0,0.0,0.0
483,1776056338.0560281,0.0,0.0,0.0997733110815382,-0.0,0.0,0.0,0.0,1.0,0.0,0.0,0.0
484,1776056338.064137,0.0,0.0,0.0997733110815382,-0.0,0.0,0.0,0.0,1.0,0.0,0.0,0.0
485,1776056338.0724723,0.0,0.0,0.0997733110815382,-0.0,0.0,0.0,0.0,1.0,0.0,0.0,0.0
486,1776056338.0810974,0.0,0.0,0.0997733110815382,-0.0,0.0,0.0,0.0,1.0,0.0,0.0,0.0
487,1776056338.0894077,0.0,0.0,0.0997733110815382,-0.0,0.0,0.0,0.0,1.0,0.0,0.0,0.0
488,1776056338.0984292,0.0,0.0,0.0997733110815382,-0.0,0.0,0.0,0.0,1.0,0.0,0.0,0.0
489,1776056338.1060457,0.0,0.0,0.0997733110815382,-0.0,0.0,0.0,0.0,1.0,0.0,0.0,0.0
490,1776056338.1135557,0.0,0.0,0.0997733110815382,-0.0,0.0,0.0,0.0,1.0,0.0,0.0,0.0
491,1776056338.1224065,0.0,0.0,0.0997733110815382,-0.0,0.0,0.0,0.0,1.0,0.0,0.0,0.0
492,1776056338.1318827,0.0,0.0,0.0997733110815382,-0.0,0.0,0.0,0.0,1.0,0.0,0.0,0.0
493,1776056338.1391191,0.0,0.0,0.0997733110815382,-0.0,0.0,0.0,0.0,1.0,0.0,0.0,0.0
494,1776056338.1475725,0.0,0.0,0.0997733110815382,-0.0,0.0,0.0,0.0,1.0,0.0,0.0,0.0
495,1776056338.1552262,0.0,0.0,0.0997733110815382,-0.0,0.0,0.0,0.0,1.0,0.0,0.0,0.0
496,1776056338.1638343,0.0,0.0,0.0997733110815382,-0.0,0.0,0.0,0.0,1.0,0.0,0.0,0.0
497,1776056338.1735713,0.0,0.0,0.0997733110815382,-0.0,0.0,0.0,0.0,1.0,0.0,0.0,0.0
498,1776056338.180415,0.0,0.0,0.0997733110815382,-0.0,0.0,0.0,0.0,1.0,0.0,0.0,0.0
499,1776056338.1886356,0.0,0.0,0.0997733110815382,-0.0,0.0,0.0,0.0,1.0,0.0,0.0,0.0
500,1776056338.1973433,0.0,0.0,0.0997733110815382,-0.0,0.0,0.0,0.0,1.0,0.0,0.0,0.0
501,1776056338.2057765,0.0,0.0,0.0997733110815382,-0.0,0.0,0.0,0.0,1.0,0.0,0.0,0.0
502,1776056338.2149637,0.0,0.0,0.0997733110815382,-0.0,0.0,0.0,0.0,1.0,0.0,0.0,0.0
503,1776056338.2218058,0.0,0.0,0.0997733110815382,-0.0,0.0,0.0,0.0,1.0,0.0,0.0,0.0
504,1776056338.2301683,0.0,0.0,0.0997733110815382,-0.0,0.0,0.0,0.0,1.0,0.0,0.0,0.0
505,1776056338.2387962,0.0,0.0,0.0997733110815382,-0.0,0.0,0.0,0.0,1.0,0.0,0.0,0.0
506,1776056338.2469065,0.0,0.0,0.0997733110815382,-0.0,0.0,0.0,0.0,1.0,0.0,0.0,0.0
507,1776056338.2556393,0.0,0.0,0.0997733110815382,-0.0,0.0,0.0,0.0,1.0,0.0,0.0,0.0
508,1776056338.264141,0.0,0.0,0.0997733110815382,-0.0,0.0,0.0,0.0,1.0,0.0,0.0,0.0
509,1776056338.2727962,0.0,0.0,0.0997733110815382,-0.0,0.0,0.0,0.0,1.0,0.0,0.0,0.0
510,1776056338.281889,0.0,0.0,0.0997733110815382,-0.0,0.0,0.0,0.0,1.0,0.0,0.0,0.0
511,1776056338.2893362,0.0,0.0,0.0997733110815382,-0.0,0.0,0.0,0.0,1.0,0.0,0.0,0.0
512,1776056338.2969656,0.0,0.0,0.0997733110815382,-0.0,0.0,0.0,0.0,1.0,0.0,0.0,0.0
513,1776056338.3053803,0.0,0.0,0.0997733110815382,-0.0,0.0,0.0,0.0,1.0,0.0,0.0,0.0
514,1776056338.3147576,0.0,0.0,0.0997733110815382,-0.0,0.0,0.0,0.0,1.0,0.0,0.0,0.0
515,1776056338.322676,0.0,0.0,0.0997733110815382,-0.0,0.0,0.0,0.0,1.0,0.0,0.0,0.0
516,1776056338.3312073,0.0,0.0,0.0997733110815382,-0.0,0.0,0.0,0.0,1.0,0.0,0.0,0.0
517,1776056338.339183,0.0,0.0,0.0997733110815382,-0.0,0.0,0.0,0.0,1.0,0.0,0.0,0.0
518,1776056338.3472004,0.0,0.0,0.0997733110815382,-0.0,0.0,0.0,0.0,1.0,0.0,0.0,0.0
519,1776056338.355841,0.0,0.0,0.0997733110815382,-0.0,0.0,0.0,0.0,1.0,0.0,0.0,0.0
520,1776056338.3640523,0.0,0.0,0.0997733110815382,-0.0,0.0,0.0,0.0,1.0,0.0,0.0,0.0
521,1776056338.3726847,0.0,0.0,0.0997733110815382,-0.0,0.0,0.0,0.0,1.0,0.0,0.0,0.0
522,1776056338.3816907,0.0,0.0,0.0997733110815382,-0.0,0.0,0.0,0.0,1.0,0.0,0.0,0.0
523,1776056338.3903565,0.0,0.0,0.0997733110815382,-0.0,0.0,0.0,0.0,1.0,0.0,0.0,0.0
524,1776056338.399988,0.0,0.0,0.0997733110815382,-0.0,0.0,0.0,0.0,1.0,0.0,0.0,0.0
525,1776056338.4075992,0.0,0.0,0.0997733110815382,-0.0,0.0,0.0,0.0,1.0,0.0,0.0,0.0
526,1776056338.4148629,0.0,0.0,0.0997733110815382,-0.0,0.0,0.0,0.0,1.0,0.0,0.0,0.0
527,1776056338.422666,0.0,0.0,0.0997733110815382,-0.0,0.0,0.0,0.0,1.0,0.0,0.0,0.0
528,1776056338.43036,0.0,0.0,0.0997733110815382,-0.0,0.0,0.0,0.0,1.0,0.0,0.0,0.0
529,1776056338.4388688,0.0,0.0,0.0997733110815382,-0.0,0.0,0.0,0.0,1.0,0.0,0.0,0.0
530,1776056338.447162,0.0,0.0,0.0997733110815382,-0.0,0.0,0.0,0.0,1.0,0.0,0.0,0.0
531,1776056338.455678,0.0,0.0,0.0997733110815382,-0.0,0.0,0.0,0.0,1.0,0.0,0.0,0.0
532,1776056338.4641795,0.0,0.0,0.0997733110815382,-0.0,0.0,0.0,0.0,1.0,0.0,0.0,0.0
533,1776056338.472406,0.0,0.0,0.0997733110815382,-0.0,0.0,0.0,0.0,1.0,0.0,0.0,0.0
534,1776056338.4808261,0.0,0.0,0.0997733110815382,-0.0,0.0,0.0,0.0,1.0,0.0,0.0,0.0
535,1776056338.4894989,0.0,0.0,0.0997733110815382,-0.0,0.0,0.0,0.0,1.0,0.0,0.0,0.0
536,1776056338.4980776,0.0,0.0,0.0997733110815382,-0.0,0.0,0.0,0.0,1.0,0.0,0.0,0.0
537,1776056338.505971,0.0,0.0,0.0997733110815382,-0.0,0.0,0.0,0.0,1.0,0.0,0.0,0.0
538,1776056338.5155497,0.0,0.0,0.0997733110815382,-0.0,0.0,0.0,0.0,1.0,0.0,0.0,0.0
539,1776056338.5250235,0.0,0.0,0.0997733110815382,-0.0,0.0,0.0,0.0,1.0,0.0,0.0,0.0
540,1776056338.5332508,0.0,0.0,0.0997733110815382,-0.0,0.0,0.0,0.0,1.0,0.0,0.0,0.0
541,1776056338.5428226,0.0,0.0,0.0997733110815382,-0.0,0.0,0.0,0.0,1.0,0.0,0.0,0.0
542,1776056338.5505488,0.0,0.0,0.0997733110815382,-0.0,0.0,0.0,0.0,1.0,0.0,0.0,0.0
543,1776056338.5601482,0.0,0.0,0.0997733110815382,-0.0,0.0,0.0,0.0,1.0,0.0,0.0,0.0
544,1776056338.567967,0.0,0.0,0.0997733110815382,-0.0,0.0,0.0,0.0,1.0,0.0,0.0,0.0
545,1776056338.5756567,0.0,0.0,0.0997733110815382,-0.0,0.0,0.0,0.0,1.0,0.0,0.0,0.0
546,1776056338.5839221,0.0,0.0,0.0997733110815382,-0.0,0.0,0.0,0.0,1.0,0.0,0.0,0.0
547,1776056338.5922914,0.0,0.0,0.0997733110815382,-0.0,0.0,0.0,0.0,1.0,0.0,0.0,0.0
548,1776056338.5994277,0.0,0.0,0.0997733110815382,-0.0,0.0,0.0,0.0,1.0,0.0,0.0,0.0
549,1776056338.6082184,0.0,0.0,0.0997733110815382,-0.0,0.0,0.0,0.0,1.0,0.0,0.0,0.0
550,1776056338.6165724,0.0,0.0,0.0997733110815382,-0.0,0.0,0.0,0.0,1.0,0.0,0.0,0.0
551,1776056338.6227973,0.0,0.0,0.0997733110815382,-0.0,0.0,0.0,0.0,1.0,0.0,0.0,0.0
552,1776056338.6301887,0.0,0.0,0.0997733110815382,-0.0,0.0,0.0,0.0,1.0,0.0,0.0,0.0
553,1776056338.6394823,0.0,0.0,0.0997733110815382,-0.0,0.0,0.0,0.0,1.0,0.0,0.0,0.0
554,1776056338.6477475,0.0,0.0,0.0997733110815382,-0.0,0.0,0.0,0.0,1.0,0.0,0.0,0.0
555,1776056338.656371,0.0,0.0,0.0997733110815382,-0.0,0.0,0.0,0.0,1.0,0.0,0.0,0.0
556,1776056338.6653533,0.0,0.0,0.0997733110815382,-0.0,0.0,0.0,0.0,1.0,0.0,0.0,0.0
557,1776056338.672114,0.0,0.0,0.0997733110815382,-0.0,0.0,0.0,0.0,1.0,0.0,0.0,0.0
558,1776056338.6810725,0.0,0.0,0.0997733110815382,-0.0,0.0,0.0,0.0,1.0,0.0,0.0,0.0
559,1776056338.688864,0.0,0.0,0.0997733110815382,-0.0,0.0,0.0,0.0,1.0,0.0,0.0,0.0
560,1776056338.6973267,0.0,0.0,0.0997733110815382,-0.0,0.0,0.0,0.0,1.0,0.0,0.0,0.0
561,1776056338.7060869,0.0,0.0,0.0997733110815382,-0.0,0.0,0.0,0.0,1.0,0.0,0.0,0.0
562,1776056338.7136724,0.0,0.0,0.0997733110815382,-0.0,0.0,0.0,0.0,1.0,0.0,0.0,0.0
563,1776056338.7219036,0.0,0.0,0.0997733110815382,-0.0,0.0,0.0,0.0,1.0,0.0,0.0,0.0
564,1776056338.7307646,0.0,0.0,0.0997733110815382,-0.0,0.0,0.0,0.0,1.0,0.0,0.0,0.0
565,1776056338.7389507,0.0,0.0,0.0997733110815382,-0.0,0.0,0.0,0.0,1.0,0.0,0.0,0.0
566,1776056338.7475464,0.0,0.0,0.0997733110815382,-0.0,0.0,0.0,0.0,1.0,0.0,0.0,0.0
567,1776056338.755914,0.0,0.0,0.0997733110815382,-0.0,0.0,0.0,0.0,1.0,0.0,0.0,0.0
568,1776056338.7636476,0.0,0.0,0.0997733110815382,-0.0,0.0,0.0,0.0,1.0,0.0,0.0,0.0
569,1776056338.7722065,0.0,0.0,0.0997733110815382,-0.0,0.0,0.0,0.0,1.0,0.0,0.0,0.0
570,1776056338.7801933,0.0,0.0,0.0997733110815382,-0.0,0.0,0.0,0.0,1.0,0.0,0.0,0.0
571,1776056338.7890851,0.0,0.0,0.0997733110815382,-0.0,0.0,0.0,0.0,1.0,0.0,0.0,0.0
572,1776056338.797957,0.0,0.0,0.0997733110815382,-0.0,0.0,0.0,0.0,1.0,0.0,0.0,0.0
573,1776056338.8055017,0.0,0.0,0.0997733110815382,-0.0,0.0,0.0,0.0,1.0,0.0,0.0,0.0
574,1776056338.8135467,0.0,0.0,0.0997733110815382,-0.0,0.0,0.0,0.0,1.0,0.0,0.0,0.0
575,1776056338.822416,0.0,0.0,0.0997733110815382,-0.0,0.0,0.0,0.0,1.0,0.0,0.0,0.0
576,1776056338.8304949,0.0,0.0,0.0997733110815382,-0.0,0.0,0.0,0.0,1.0,0.0,0.0,0.0
577,1776056338.8386152,0.0,0.0,0.0997733110815382,-0.0,0.0,0.0,0.0,1.0,0.0,0.0,0.0
578,1776056338.8470376,0.0,0.0,0.0997733110815382,-0.0,0.0,0.0,0.0,1.0,0.0,0.0,0.0
579,1776056338.8551834,0.0,0.0,0.0997733110815382,-0.0,0.0,0.0,0.0,1.0,0.0,0.0,0.0
580,1776056338.8636367,0.0,0.0,0.0997733110815382,-0.0,0.0,0.0,0.0,1.0,0.0,0.0,0.0
581,1776056338.8721952,0.0,0.0,0.0997733110815382,-0.0,0.0,0.0,0.0,1.0,0.0,0.0,0.0
582,1776056338.8811624,0.0,0.0,0.0997733110815382,-0.0,0.0,0.0,0.0,1.0,0.0,0.0,0.0
583,1776056338.8900235,0.0,0.0,0.0997733110815382,-0.0,0.0,0.0,0.0,1.0,0.0,0.0,0.0
584,1776056338.8975995,0.0,0.0,0.0997733110815382,-0.0,0.0,0.0,0.0,1.0,0.0,0.0,0.0
585,1776056338.9053116,0.0,0.0,0.0997733110815382,-0.0,0.0,0.0,0.0,1.0,0.0,0.0,0.0
586,1776056338.9135633,0.0,0.0,0.0997733110815382,-0.0,0.0,0.0,0.0,1.0,0.0,0.0,0.0
587,1776056338.922047,0.0,0.0,0.0997733110815382,-0.0,0.0,0.0,0.0,1.0,0.0,0.0,0.0
588,1776056338.9309545,0.0,0.0,0.0997733110815382,-0.0,0.0,0.0,0.0,1.0,0.0,0.0,0.0
589,1776056338.9395344,0.0,0.0,0.0997733110815382,-0.0,0.0,0.0,0.0,1.0,0.0,0.0,0.0
590,1776056338.9468906,0.0,0.0,0.0997733110815382,-0.0,0.0,0.0,0.0,1.0,0.0,0.0,0.0
591,1776056338.955396,0.0,0.0,0.0997733110815382,-0.0,0.0,0.0,0.0,1.0,0.0,0.0,0.0
592,1776056338.9636705,0.0,0.0,0.0997733110815382,-0.0,0.0,0.0,0.0,1.0,0.0,0.0,0.0
593,1776056338.9726431,0.0,0.0,0.0997733110815382,-0.0,0.0,0.0,0.0,1.0,0.0,0.0,0.0
594,1776056338.980564,0.0,0.0,0.0997733110815382,-0.0,0.0,0.0,0.0,1.0,0.0,0.0,0.0
595,1776056338.988952,0.0,0.0,0.0997733110815382,-0.0,0.0,0.0,0.0,1.0,0.0,0.0,0.0
596,1776056338.9980567,0.0,0.0,0.0997733110815382,-0.0,0.0,0.0,0.0,1.0,0.0,0.0,0.0
597,1776056339.0063167,0.0,0.0,0.0997733110815382,-0.0,0.0,0.0,0.0,1.0,0.0,0.0,0.0
598,1776056339.013589,0.0,0.0,0.0997733110815382,-0.0,0.0,0.0,0.0,1.0,0.0,0.0,0.0
599,1776056339.0224197,0.0,0.0,0.0997733110815382,-0.0,0.0,0.0,0.0,1.0,0.0,0.0,0.0
600,1776056339.0306206,0.0,0.0,0.0997733110815382,-0.0,0.0,0.0,0.0,1.0,0.0,0.0,0.0
601,1776056339.0393245,0.0,0.0,0.0997733110815382,-0.0,0.0,0.0,0.0,1.0,0.0,0.0,0.0
602,1776056339.0486515,0.0,0.0,0.0997733110815382,-0.0,0.0,0.0,0.0,1.0,0.0,0.0,0.0
603,1776056339.0558715,0.0,0.0,0.0997733110815382,-0.0,0.0,0.0,0.0,1.0,0.0,0.0,0.0
604,1776056339.0640721,0.0,0.0,0.0997733110815382,-0.0,0.0,0.0,0.0,1.0,0.0,0.0,0.0
605,1776056339.0720413,0.0,0.0,0.0997733110815382,-0.0,0.0,0.0,0.0,1.0,0.0,0.0,0.0
606,1776056339.0809464,0.0,0.0,0.0997733110815382,-0.0,0.0,0.0,0.0,1.0,0.0,0.0,0.0
607,1776056339.0886774,0.0,0.0,0.0997733110815382,-0.0,0.0,0.0,0.0,1.0,0.0,0.0,0.0
608,1776056339.0973358,0.0,0.0,0.0997733110815382,-0.0,0.0,0.0,0.0,1.0,0.0,0.0,0.0
609,1776056339.105828,0.0,0.0,0.0997733110815382,-0.0,0.0,0.0,0.0,1.0,0.0,0.0,0.0
610,1776056339.1143064,0.0,0.0,0.0997733110815382,-0.0,0.0,0.0,0.0,1.0,0.0,0.0,0.0
611,1776056339.123493,0.0,0.0,0.0997733110815382,-0.0,0.0,0.0,0.0,1.0,0.0,0.0,0.0
612,1776056339.1304944,0.0,0.0,0.0997733110815382,-0.0,0.0,0.0,0.0,1.0,0.0,0.0,0.0
613,1776056339.1389084,0.0,0.0,0.0997733110815382,-0.0,0.0,0.0,0.0,1.0,0.0,0.0,0.0
614,1776056339.1478267,0.0,0.0,0.0997733110815382,-0.0,0.0,0.0,0.0,1.0,0.0,0.0,0.0
615,1776056339.156248,0.0,0.0,0.0997733110815382,-0.0,0.0,0.0,0.0,1.0,0.0,0.0,0.0
616,1776056339.1645427,0.0,0.0,0.0997733110815382,-0.0,0.0,0.0,0.0,1.0,0.0,0.0,0.0
617,1776056339.1718557,0.0,0.0,0.0997733110815382,-0.0,0.0,0.0,0.0,1.0,0.0,0.0,0.0
618,1776056339.1802204,0.0,0.0,0.0997733110815382,-0.0,0.0,0.0,0.0,1.0,0.0,0.0,0.0
619,1776056339.1889353,0.0,0.0,0.0997733110815382,-0.0,0.0,0.0,0.0,1.0,0.0,0.0,0.0
620,1776056339.1971998,0.0,0.0,0.0997733110815382,-0.0,0.0,0.0,0.0,1.0,0.0,0.0,0.0
621,1776056339.2056565,0.0,0.0,0.0997733110815382,-0.0,0.0,0.0,0.0,1.0,0.0,0.0,0.0
622,1776056339.2136953,0.0,0.0,0.0997733110815382,-0.0,0.0,0.0,0.0,1.0,0.0,0.0,0.0
623,1776056339.2223275,0.0,0.0,0.0997733110815382,-0.0,0.0,0.0,0.0,1.0,0.0,0.0,0.0
624,1776056339.23023,0.0,0.0,0.0997733110815382,-0.0,0.0,0.0,0.0,1.0,0.0,0.0,0.0
625,1776056339.239051,0.0,0.0,0.0997733110815382,-0.0,0.0,0.0,0.0,1.0,0.0,0.0,0.0
626,1776056339.2472122,0.0,0.0,0.0997733110815382,-0.0,0.0,0.0,0.0,1.0,0.0,0.0,0.0
627,1776056339.255955,0.0,0.0,0.0997733110815382,-0.0,0.0,0.0,0.0,1.0,0.0,0.0,0.0
628,1776056339.2649786,0.0,0.0,0.0997733110815382,-0.0,0.0,0.0,0.0,1.0,0.0,0.0,0.0
629,1776056339.2720017,0.0,0.0,0.0997733110815382,-0.0,0.0,0.0,0.0,1.0,0.0,0.0,0.0
630,1776056339.2809076,0.0,0.0,0.0997733110815382,-0.0,0.0,0.0,0.0,1.0,0.0,0.0,0.0
631,1776056339.2885263,0.0,0.0,0.0997733110815382,-0.0,0.0,0.0,0.0,1.0,0.0,0.0,0.0
632,1776056339.2976663,0.0,0.0,0.0997733110815382,-0.0,0.0,0.0,0.0,1.0,0.0,0.0,0.0
633,1776056339.3059723,0.0,0.0,0.0997733110815382,-0.0,0.0,0.0,0.0,1.0,0.0,0.0,0.0
634,1776056339.3142982,0.0,0.0,0.0997733110815382,-0.0,0.0,0.0,0.0,1.0,0.0,0.0,0.0
635,1776056339.322332,0.0,0.0,0.0997733110815382,-0.0,0.0,0.0,0.0,1.0,0.0,0.0,0.0
636,1776056339.3310552,0.0,0.0,0.0997733110815382,-0.0,0.0,0.0,0.0,1.0,0.0,0.0,0.0
637,1776056339.3394077,0.0,0.0,0.0997733110815382,-0.0,0.0,0.0,0.0,1.0,0.0,0.0,0.0
638,1776056339.3471231,0.0,0.0,0.0997733110815382,-0.0,0.0,0.0,0.0,1.0,0.0,0.0,0.0
639,1776056339.3554757,0.0,0.0,0.0997733110815382,-0.0,0.0,0.0,0.0,1.0,0.0,0.0,0.0
640,1776056339.3635085,0.0,0.0,0.0997733110815382,-0.0,0.0,0.0,0.0,1.0,0.0,0.0,0.0
641,1776056339.3721468,0.0,0.0,0.0997733110815382,-0.0,0.0,0.0,0.0,1.0,0.0,0.0,0.0
642,1776056339.3807547,0.0,0.0,0.0997733110815382,-0.0,0.0,0.0,0.0,1.0,0.0,0.0,0.0
643,1776056339.3900435,0.0,0.0,0.0997733110815382,-0.0,0.0,0.0,0.0,1.0,0.0,0.0,0.0
644,1776056339.3975132,0.0,0.0,0.0997733110815382,-0.0,0.0,0.0,0.0,1.0,0.0,0.0,0.0
645,1776056339.405576,0.0,0.0,0.0997733110815382,-0.0,0.0,0.0,0.0,1.0,0.0,0.0,0.0
646,1776056339.413803,0.0,0.0,0.0997733110815382,-0.0,0.0,0.0,0.0,1.0,0.0,0.0,0.0
647,1776056339.4221048,0.0,0.0,0.0997733110815382,-0.0,0.0,0.0,0.0,1.0,0.0,0.0,0.0
648,1776056339.4307978,0.0,0.0,0.0997733110815382,-0.0,0.0,0.0,0.0,1.0,0.0,0.0,0.0
649,1776056339.4394615,0.0,0.0,0.0997733110815382,-0.0,0.0,0.0,0.0,1.0,0.0,0.0,0.0
650,1776056339.4471643,0.0,0.0,0.0997733110815382,-0.0,0.0,0.0,0.0,1.0,0.0,0.0,0.0
651,1776056339.4554696,0.0,0.0,0.0997733110815382,-0.0,0.0,0.0,0.0,1.0,0.0,0.0,0.0
652,1776056339.4645052,0.0,0.0,0.0997733110815382,-0.0,0.0,0.0,0.0,1.0,0.0,0.0,0.0
653,1776056339.4720829,0.0,0.0,0.0997733110815382,-0.0,0.0,0.0,0.0,1.0,0.0,0.0,0.0
654,1776056339.4806104,0.0,0.0,0.0997733110815382,-0.0,0.0,0.0,0.0,1.0,0.0,0.0,0.0
655,1776056339.4895463,0.0,0.0,0.0997733110815382,-0.0,0.0,0.0,0.0,1.0,0.0,0.0,0.0
656,1776056339.4975314,0.0,0.0,0.0997733110815382,-0.0,0.0,0.0,0.0,1.0,0.0,0.0,0.0
657,1776056339.5064943,0.0,0.0,0.0997733110815382,-0.0,0.0,0.0,0.0,1.0,0.0,0.0,0.0
658,1776056339.513905,0.0,0.0,0.0997733110815382,-0.0,0.0,0.0,0.0,1.0,0.0,0.0,0.0
659,1776056339.5228012,0.0,0.0,0.0997733110815382,-0.0,0.0,0.0,0.0,1.0,0.0,0.0,0.0
660,1776056339.5310369,0.0,0.0,0.0997733110815382,-0.0,0.0,0.0,0.0,1.0,0.0,0.0,0.0
