step,sim_time,u0,u1,u2,u3,pose_x,pose_y,pose_z,pose_qw,pose_qx,pose_qy,pose_qz
0,1782349286.7324476,0.0,0.0,0.049999999981224896,0.0,-0.25,0.433,0.1,1.0,0.0,-0.0,0.0
0,1782349286.763988,-0.09999999901647472,-0.09999999791674366,0.09874999925684125,0.01220805809552618,-0.25,0.433,0.1,1.0,0.0,-0.0,0.0
0,1782349286.7944987,-0.19749999901422877,-0.1974999979044197,0.1462812492576991,0.1119028561901127,-0.25,0.433,0.1,1.0,0.0,-0.0,0.0
0,1782349286.8297791,-0.2925624540011087,-0.29256232202918836,0.19262419422955238,0.2091049452477236,-0.25,0.433,0.1,1.0,0.0,-0.0,0.0
0,1782349286.8651454,-0.38524839077613005,-0.385248259928989,0.2378085891139429,0.30387723664789607,-0.25,0.433,0.1,1.0,0.0,-0.0,0.0
0,1782349286.8971992,-0.47561430959626105,-0.4756110204971776,0.281863007839607,0.35871899240795346,-0.25,0.433,0.1,1.0,0.0,-0.0,0.0
0,1782349286.928654,-0.5637232041934979,-0.5637151405215929,0.32481627131761553,0.36511720466882747,-0.25,0.433,0.1,1.0,0.0,-0.0,0.0
0,1782349286.9654214,-0.6211469607194713,-0.5359070008604194,0.36669586347390765,0.25598932628264853,-0.25,0.433,0.1,1.0,0.0,-0.0,0.0
0,1782349286.9969814,-0.6327719994648796,-0.516518071343601,0.4071349685401691,0.14959819828206403,-0.25,0.433,0.1,1.0,0.0,-0.0,0.0
0,1782349287.0291429,-0.6332015966198505,-0.5148889277846819,0.41192970473007906,0.04585829541775496,-0.25,0.433,0.1,1.0,0.0,-0.0,0.0
0,1782349287.0622327,-0.6376821104525819,-0.5076118330788194,0.4141818807524462,-0.055287910805223134,-0.25,0.433,0.1,1.0,0.0,-0.0,0.0
0,1782349287.0963683,-0.6367440806319057,-0.5081489437228602,0.41364558730594847,-0.056237901533537527,-0.25,0.433,0.1,1.0,0.0,-0.0,0.0
0,1782349287.131228,-0.6352046339441614,-0.5111520982862484,0.41363998404408564,-0.053917008934412744,-0.25,0.433,0.1,1.0,0.0,-0.0,0.0
0,1782349287.1622536,-0.6354526842031966,-0.5105844979489728,0.4133325816820872,-0.0560516684792412,-0.25,0.433,0.1,1.0,0.0,-0.0,0.0
0,1782349287.1956446,-0.6353523164264845,-0.510817637132779,0.41327706646100953,-0.05200464129588575,-0.25,0.433,0.1,1.0,0.0,-0.0,0.0
0,1782349287.2290335,-0.6353488743203453,-0.5108183640149963,0.41329857160321104,-0.05322743310750651,-0.25,0.433,0.1,1.0,0.0,-0.0,0.0
0,1782349287.2654982,-0.63531605441834,-0.5108835573932843,0.4132704014942782,-0.05203422643707861,-0.25,0.433,0.1,1.0,0.0,-0.0,0.0
0,1782349287.3038023,-0.6353259424343899,-0.5108680971449687,0.4132836155950175,-0.052522172639549086,-0.25,0.433,0.1,1.0,0.0,-0.0,0.0
0,1782349287.3340228,-0.635314113624631,-0.5108909769420258,0.4132733788902674,-0.05209675264841129,-0.25,0.433,0.1,1.0,0.0,-0.0,0.0
0,1782349287.3646667,-0.6353182426545574,-0.5108837072535719,0.4132787737870389,-0.05230009864682088,-0.25,0.433,0.1,1.0,0.0,-0.0,0.0
0,1782349287.3975885,-0.6353143929476305,-0.5108912465268279,0.4132750841755691,-0.05214684287863845,-0.25,0.433,0.1,1.0,0.0,-0.0,0.0
0,1782349287.4315858,-0.6353176214931029,-0.5109189852972253,0.41318980430039126,-0.05208419081455472,-0.25,0.433,0.1,1.0,0.0,-0.0,0.0
0,1782349287.4678323,-0.6353081171399843,-0.5109098960374634,0.4131848807803582,-0.052075393514208035,-0.25,0.433,0.1,1.0,0.0,-0.0,0.0
0,1782349287.497912,-0.635309072337048,-0.5109126459407582,0.41318644887873973,-0.05206369804266679,-0.25,0.433,0.1,1.0,0.0,-0.0,0.0
0,1782349287.5282195,-0.6353087079106469,-0.5109133070637466,0.4131853027026951,-0.05205585460346676,-0.25,0.433,0.1,1.0,0.0,-0.0,0.0
0,1782349287.562501,-0.6353085616527019,-0.5109134240505379,0.41318544384583156,-0.05205545869420311,-0.25,0.433,0.1,1.0,0.0,-0.0,0.0
0,1782349287.5966027,-0.6353085015231755,-0.5109136155117217,0.4131853902846052,-0.05205300480204432,-0.25,0.433,0.1,1.0,0.0,-0.0,0.0
0,1782349287.631343,-0.6353084924267375,-0.5109136411760871,0.41318539946726235,-0.05205324658698901,-0.25,0.433,0.1,1.0,0.0,-0.0,0.0
0,1782349287.6649303,-0.635359178414912,-0.5109754101292183,0.4131666560061381,-0.0521036289194078,-0.25,0.433,0.1,1.0,0.0,-0.0,0.0
0,1782349287.7005706,-0.6353468073268332,-0.5109576645664867,0.4131668906700599,-0.052101838497808736,-0.25,0.433,0.1,1.0,0.0,-0.0,0.0
0,1782349287.736437,-0.6353490994895445,-0.5109588828693572,0.41317504430417795,-0.05211950546559786,-0.25,0.433,0.1,1.0,0.0,-0.0,0.0
0,1782349287.7667425,-0.6353491882775815,-0.5109594375839455,0.4131736515940076,-0.05210920986582271,-0.25,0.433,0.1,1.0,0.0,-0.0,0.0
0,1782349287.7982998,-0.6353492864049746,-0.510958859733236,0.4131741129745429,-0.0521185471986987,-0.25,0.433,0.1,1.0,0.0,-0.0,0.0
0,1782349287.8367372,-0.6353492181421723,-0.5109590467773812,0.41317401023217815,-0.052113822657254755,-0.25,0.433,0.1,1.0,0.0,-0.0,0.0
0,1782349287.8697412,-0.6353492980051136,-0.5109589010219746,0.41317408928161803,-0.05211710259370947,-0.25,0.433,0.1,1.0,0.0,-0.0,0.0
0,1782349287.9059358,-0.635349259205862,-0.5109589629580678,0.4131740418235849,-0.052115371268473196,-0.25,0.433,0.1,1.0,0.0,-0.0,0.0
0,1782349287.9355147,-0.6353492866445798,-0.5109589147785558,0.4131740728556815,-0.05211650291267596,-0.25,0.433,0.1,1.0,0.0,-0.0,0.0
0,1782349287.9646945,-0.6354402657655093,-0.5110448272716639,0.41321699231438114,-0.052324576292934424,-0.25,0.433,0.1,1.0,0.0,-0.0,0.0
0,1782349287.9978557,-0.6354249773444256,-0.5110222659445149,0.4132204820686579,-0.05228850000873486,-0.25,0.433,0.1,1.0,0.0,-0.0,0.0
0,1782349288.0300474,-0.6354288801879168,-0.511020910097881,0.4132345249621945,-0.05235536930200811,-0.25,0.433,0.1,1.0,0.0,-0.0,0.0
0,1782349288.068738,-0.6354289826791886,-0.511022191454269,0.41323265522031055,-0.05232651442705391,-0.25,0.433,0.1,1.0,0.0,-0.0,0.0
0,1782349288.0961728,-0.6354295518993645,-0.5110204457463352,0.4132335800037643,-0.052355207463725295,-0.25,0.433,0.1,1.0,0.0,-0.0,0.0
0,1782349288.131879,-0.6354293116982164,-0.5110209855901171,0.4132332989881596,-0.05234135603098987,-0.25,0.433,0.1,1.0,0.0,-0.0,0.0
0,1782349288.1620662,-0.6354295841788302,-0.5110204408435789,0.4132335299482088,-0.052352085149655614,-0.25,0.433,0.1,1.0,0.0,-0.0,0.0
0,1782349288.199032,-0.6354294595154512,-0.5110206708487197,0.41323339303540174,-0.052346379643575275,-0.25,0.433,0.1,1.0,0.0,-0.0,0.0
0,1782349288.2368233,-0.635550522200218,-0.511125061697481,0.4133292751537718,-0.052654098231515,-0.25,0.433,0.1,1.0,0.0,-0.0,0.0
0,1782349288.2692091,-0.6355337386967519,-0.5110989165756994,0.4133355106733826,-0.05260488024701307,-0.25,0.433,0.1,1.0,0.0,-0.0,0.0
0,1782349288.304018,-0.6355387745739913,-0.5110951104282195,0.41335363638158806,-0.05270673761204615,-0.25,0.433,0.1,1.0,0.0,-0.0,0.0
0,1782349288.3417287,-0.6355389361142579,-0.5110972036867194,0.41335169490939805,-0.05266306280275415,-0.25,0.433,0.1,1.0,0.0,-0.0,0.0
0,1782349288.3683321,-0.6355399369935947,-0.5110941714277177,0.4133528415454821,-0.05271033733172968,-0.25,0.433,0.1,1.0,0.0,-0.0,0.0
0,1782349288.4041193,-0.63553951328487,-0.5110952353047206,0.41335247861460445,-0.05268607783376798,-0.25,0.433,0.1,1.0,0.0,-0.0,0.0
0,1782349288.4340072,-0.6355400080334772,-0.5110941273212627,0.4133528132773321,-0.05270607787057971,-0.25,0.433,0.1,1.0,0.0,-0.0,0.0
0,1782349288.4705935,-0.6355397634009461,-0.5110946621356456,0.4133526037972526,-0.052694544978089355,-0.25,0.433,0.1,1.0,0.0,-0.0,0.0
0,1782349288.5059094,-0.6356800193924921,-0.5112121313956678,0.41349084179868184,-0.05303476681690225,-0.25,0.433,0.1,1.0,0.0,-0.0,0.0
0,1782349288.5312498,-0.6356632192446303,-0.5111831701140028,0.41349920880934465,-0.053000641845155086,-0.25,0.433,0.1,1.0,0.0,-0.0,0.0
0,1782349288.5689783,-0.6356686019361105,-0.5111780578639457,0.4135195960284222,-0.053112475653171926,-0.25,0.433,0.1,1.0,0.0,-0.0,0.0
0,1782349288.6036103,-0.6356690172160828,-0.511180530927958,0.41351797718905925,-0.0530651903947925,-0.25,0.433,0.1,1.0,0.0,-0.0,0.0
0,1782349288.6322703,-0.63567022666367,-0.5111765812527737,0.41351905582753257,-0.05312337913143898,-0.25,0.433,0.1,1.0,0.0,-0.0,0.0
0,1782349288.665033,-0.6356697055926502,-0.5111781125060284,0.4135187622153184,-0.05309152162967477,-0.25,0.433,0.1,1.0,0.0,-0.0,0.0
0,1782349288.6981356,-0.6356703665747871,-0.5111764535587715,0.4135190963330707,-0.053119662580984134,-0.25,0.433,0.1,1.0,0.0,-0.0,0.0
0,1782349288.7341886,-0.6356700112787761,-0.5111773597248648,0.41351887451810054,-0.053101955245125704,-0.25,0.433,0.1,1.0,0.0,-0.0,0.0
0,1782349288.7638073,-0.6358188212489272,-0.5113015000450654,0.41368733944085473,-0.05342389173590412,-0.25,0.433,0.1,1.0,0.0,-0.0,0.0
0,1782349288.8023224,-0.6358036179193991,-0.5112695704318219,0.4136968125159858,-0.053437146466430344,-0.25,0.433,0.1,1.0,0.0,-0.0,0.0
0,1782349288.8311563,-0.635808242612546,-0.5112658427739819,0.4137181966154263,-0.053518254510001015,-0.25,0.433,0.1,1.0,0.0,-0.0,0.0
0,1782349288.8665884,-0.6358093498577059,-0.5112670392841928,0.4137170009519729,-0.05349549530753568,-0.25,0.433,0.1,1.0,0.0,-0.0,0.0
0,1782349288.8955295,-0.6358101785401855,-0.511263857812452,0.413717838273185,-0.053537861946880136,-0.25,0.433,0.1,1.0,0.0,-0.0,0.0
0,1782349288.9373484,-0.6358099630180442,-0.5112647368168775,0.413717731681845,-0.05351802795694326,-0.25,0.433,0.1,1.0,0.0,-0.0,0.0
0,1782349288.967574,-0.6358104256188759,-0.5112634981158115,0.4137179436635362,-0.05353798569315228,-0.25,0.433,0.1,1.0,0.0,-0.0,0.0
0,1782349288.9997942,-0.6358102227105763,-0.5112640773202703,0.41371780871799635,-0.05352635008659644,-0.25,0.433,0.1,1.0,0.0,-0.0,0.0
0,1782349289.0301802,-0.6359575752888375,-0.5113881260574266,0.41390340396734826,-0.05379117249277117,-0.25,0.433,0.1,1.0,0.0,-0.0,0.0
0,1782349289.0634005,-0.63594477921431,-0.5113550402842241,0.4139133890316864,-0.053856114374964806,-0.25,0.433,0.1,1.0,0.0,-0.0,0.0
0,1782349289.0970612,-0.6359488390199138,-0.5113519538831657,0.4139340563352337,-0.05391161545470052,-0.25,0.433,0.1,1.0,0.0,-0.0,0.0
0,1782349289.1380637,-0.6359505620520137,-0.5113517205192061,0.4139334530376676,-0.053913481162271404,-0.25,0.433,0.1,1.0,0.0,-0.0,0.0
0,1782349289.1671872,-0.6359511971977484,-0.5113489869093829,0.41393397975500923,-0.05394426407941469,-0.25,0.433,0.1,1.0,0.0,-0.0,0.0
0,1782349289.1976476,-0.635951191402247,-0.5113493886358239,0.41393408484863864,-0.05393326244874494,-0.25,0.433,0.1,1.0,0.0,-0.0,0.0
0,1782349289.2316716,-0.6359515851229394,-0.5113482569665915,0.41393415388634,-0.053949613583141307,-0.25,0.433,0.1,1.0,0.0,-0.0,0.0
0,1782349289.2713697,-0.6360888564078543,-0.5114651525716338,0.41412377667738587,-0.05413627402979074,-0.25,0.433,0.1,1.0,0.0,-0.0,0.0
0,1782349289.304337,-0.6360787092626217,-0.5114330567170781,0.41413370019152257,-0.05424615234995346,-0.25,0.433,0.1,1.0,0.0,-0.0,0.0
0,1782349289.3311803,-0.6360813503495534,-0.5114329548299978,0.4141527739284385,-0.05424953504186457,-0.25,0.433,0.1,1.0,0.0,-0.0,0.0
0,1782349289.3659782,-0.6360837143455319,-0.5114303488566354,0.4141524817520741,-0.054291053693694344,-0.25,0.433,0.1,1.0,0.0,-0.0,0.0
0,1782349289.3990924,-0.6360836718546409,-0.5114298820460838,0.41415283177379836,-0.054285833995783864,-0.25,0.433,0.1,1.0,0.0,-0.0,0.0
0,1782349289.4373941,-0.6360841916417319,-0.5114285266180479,0.41415302568093204,-0.054303850272444235,-0.25,0.433,0.1,1.0,0.0,-0.0,0.0
0,1782349289.4647293,-0.6360841139124989,-0.5114289232440784,0.41415300951716555,-0.05429535975505399,-0.25,0.433,0.1,1.0,0.0,-0.0,0.0
0,1782349289.4981587,-0.6360843486060412,-0.5114281744699949,0.4141530418667748,-0.05430625898712392,-0.25,0.433,0.1,1.0,0.0,-0.0,0.0
0,1782349289.530277,-0.636205175416676,-0.5115297948464795,0.41433479504426585,-0.05444187329075499,-0.25,0.433,0.1,1.0,0.0,-0.0,0.0
0,1782349289.5736172,-0.6361977727457078,-0.5115013890239031,0.41434396804630697,-0.054566645832925656,-0.25,0.433,0.1,1.0,0.0,-0.0,0.0
0,1782349289.6071239,-0.6361994592552331,-0.5115027131600209,0.41436070361161814,-0.05454353075543396,-0.25,0.433,0.1,1.0,0.0,-0.0,0.0
0,1782349289.6313705,-0.6362020218223985,-0.5114987670536849,0.4143605717985491,-0.05460565778646591,-0.25,0.433,0.1,1.0,0.0,-0.0,0.0
0,1782349289.663219,-0.6362015980146413,-0.5114998088245025,0.41436087573644387,-0.05457821600534886,-0.25,0.433,0.1,1.0,0.0,-0.0,0.0
0,1782349289.6968029,-0.6362024281915604,-0.5114972533261937,0.4143610365836944,-0.05461523927746491,-0.25,0.433,0.1,1.0,0.0,-0.0,0.0
0,1782349289.7312324,-0.6362020277713387,-0.5114988121023859,0.41436103229473786,-0.05458875832976254,-0.25,0.433,0.1,1.0,0.0,-0.0,0.0
0,1782349289.7638931,-0.6362025413760077,-0.5114970419873291,0.4143610526199469,-0.05461571271859139,-0.25,0.433,0.1,1.0,0.0,-0.0,0.0
0,1782349289.7975197,-0.6363017216956959,-0.5115790428652263,0.41452467986684444,-0.054694468378981315,-0.25,0.433,0.1,1.0,0.0,-0.0,0.0
0,1782349289.8340807,-0.6362972615801938,-0.5115554813162689,0.4145328117076578,-0.054827164038824414,-0.25,0.433,0.1,1.0,0.0,-0.0,0.0
0,1782349289.8682303,-0.6362979833584372,-0.51155810022093,0.4145464842614324,-0.054780513041395876,-0.25,0.433,0.1,1.0,0.0,-0.0,0.0
0,1782349289.8998106,-0.6363006132766447,-0.511553000059983,0.4145464795085799,-0.05485976275992646,-0.25,0.433,0.1,1.0,0.0,-0.0,0.0
0,1782349289.934013,-0.636299838949966,-0.5115555276614951,0.41454676268181223,-0.05481136378422913,-0.25,0.433,0.1,1.0,0.0,-0.0,0.0
0,1782349289.9667623,-0.6363009465178289,-0.5115518157525596,0.4145468514416786,-0.05486645510955021,-0.25,0.433,0.1,1.0,0.0,-0.0,0.0
0,1782349290.004138,-0.6363002276128548,-0.5115545721547547,0.41454689038168846,-0.05482188090272008,-0.25,0.433,0.1,1.0,0.0,-0.0,0.0
0,1782349290.0358446,-0.636376094428712,-0.5116085241036478,0.4146845147698648,-0.0549349511914857,-0.25,0.433,0.1,1.0,0.0,-0.0,0.0
0,1782349290.0695415,-0.6363047135369445,-0.5117463129029375,0.41474049575162997,-0.05297543472572799,-0.25,0.433,0.1,1.0,0.0,-0.0,0.0
0,1782349290.0989676,-0.63638412517917,-0.5115082488406727,0.4146728753583152,-0.05651207574889479,-0.25,0.433,0.1,1.0,0.0,-0.0,0.0
0,1782349290.1329496,-0.6362515370246444,-0.5119300690752597,0.4147340269559019,-0.05061872122430336,-0.25,0.433,0.1,1.0,0.0,-0.0,0.0
0,1782349290.1676333,-0.6364047596641377,-0.5114376313560263,0.41468005155400717,-0.057888130497339985,-0.25,0.433,0.1,1.0,0.0,-0.0,0.0
0,1782349290.1983285,-0.6362295313218709,-0.5120183627820735,0.41472660837123554,-0.049166806481979214,-0.25,0.433,0.1,1.0,0.0,-0.0,0.0
0,1782349290.2377636,-0.636433452841962,-0.5113622448825513,0.414693965780015,-0.05911799887755051,-0.25,0.433,0.1,1.0,0.0,-0.0,0.0
0,1782349290.2748096,-0.6362439441017236,-0.5120073993292518,0.4147249044186057,-0.04869680779638094,-0.25,0.433,0.1,1.0,0.0,-0.0,0.0
0,1782349290.3018615,-0.6364378813368514,-0.5115034444759454,0.4148628181056745,-0.05791800932715621,-0.25,0.433,0.1,1.0,0.0,-0.0,0.0
0,1782349290.3320396,-0.6363618942625529,-0.5118297258204761,0.4148004037852505,-0.05135359998244084,-0.25,0.433,0.1,1.0,0.0,-0.0,0.0
0,1782349290.3657565,-0.6364616162975663,-0.5114713397128241,0.41482191345313035,-0.057779883574344534,-0.25,0.433,0.1,1.0,0.0,-0.0,0.0
0,1782349290.4058955,-0.6362918583857935,-0.5119901302186489,0.4148462622807201,-0.05008840835660207,-0.25,0.433,0.1,1.0,0.0,-0.0,0.0
0,1782349290.4321406,-0.6364698100486972,-0.5114170321951945,0.41480385984561224,-0.05865612761327735,-0.25,0.433,0.1,1.0,0.0,-0.0,0.0
0,1782349290.4648976,-0.6362852949889467,-0.5120407820416263,0.4148430124739765,-0.04902950105121509,-0.25,0.433,0.1,1.0,0.0,-0.0,0.0
0,1782349290.4985795,-0.6364286153239709,-0.5115195779198849,0.414872011359672,-0.05757570605932813,-0.25,0.433,0.1,1.0,0.0,-0.0,0.0
0,1782349290.5356395,-0.6363590107041779,-0.5118303953347312,0.4148058988188821,-0.0515008462334306,-0.25,0.433,0.1,1.0,0.0,-0.0,0.0
0,1782349290.5760834,-0.6364819763427244,-0.5114892755812462,0.41489225484202785,-0.057638088839638224,-0.25,0.433,0.1,1.0,0.0,-0.0,0.0
0,1782349290.5989099,-0.6363188222411038,-0.5119911098024527,0.41492247215055,-0.05026031328080752,-0.25,0.433,0.1,1.0,0.0,-0.0,0.0
0,1782349290.6342068,-0.6364925402126319,-0.5114285553151958,0.41488051471523346,-0.05861574143391057,-0.25,0.433,0.1,1.0,0.0,-0.0,0.0
0,1782349290.6752224,-0.6363099444319928,-0.5120484321471936,0.4149220270013843,-0.04912995872482252,-0.25,0.433,0.1,1.0,0.0,-0.0,0.0
0,1782349290.6996148,-0.6365210976575311,-0.5113452352381578,0.4148876352063523,-0.05988037822816271,-0.25,0.433,0.1,1.0,0.0,-0.0,0.0
0,1782349290.7377653,-0.6363183720579837,-0.5120469452338965,0.41492322040782736,-0.048577194297212994,-0.25,0.433,0.1,1.0,0.0,-0.0,0.0
0,1782349290.7665389,-0.6364911307075866,-0.5114689221341286,0.4149664266432349,-0.0585033869231628,-0.25,0.433,0.1,1.0,0.0,-0.0,0.0
0,1782349290.7991185,-0.6363930604969359,-0.5118184105544434,0.41489236210975944,-0.0515182364758866,-0.25,0.433,0.1,1.0,0.0,-0.0,0.0
0,1782349290.830714,-0.6364898205149989,-0.5114568356678855,0.41493920105713905,-0.057908044829341365,-0.25,0.433,0.1,1.0,0.0,-0.0,0.0
0,1782349290.8645754,-0.6363233956489578,-0.5119831619409978,0.41496599367371756,-0.05021872202330892,-0.25,0.433,0.1,1.0,0.0,-0.0,0.0
0,1782349290.898594,-0.6364994711610672,-0.5114089978397682,0.41492179618245983,-0.05877033511389393,-0.25,0.433,0.1,1.0,0.0,-0.0,0.0
0,1782349290.9341567,-0.6363136156735099,-0.5120404865303373,0.41496238390279155,-0.04908880122163406,-0.25,0.433,0.1,1.0,0.0,-0.0,0.0
0,1782349290.9670618,-0.6365263266890502,-0.5113316132434191,0.4149296737923398,-0.05996439223213122,-0.25,0.433,0.1,1.0,0.0,-0.0,0.0
0,1782349290.999425,-0.6363220384925115,-0.5120371616011576,0.414963817551039,-0.04857019976648255,-0.25,0.433,0.1,1.0,0.0,-0.0,0.0
0,1782349291.034883,-0.6364937594854961,-0.5114619248155017,0.4150075844610219,-0.05850398878803406,-0.25,0.433,0.1,1.0,0.0,-0.0,0.0
0,1782349291.0650077,-0.6363954807479102,-0.5118105183222779,0.41493313057987113,-0.051513726604080726,-0.25,0.433,0.1,1.0,0.0,-0.0,0.0
0,1782349291.1074483,-0.6364716844256679,-0.5114314823585584,0.41494791957429034,-0.0578909819170428,-0.25,0.433,0.1,1.0,0.0,-0.0,0.0
0,1782349291.1382432,-0.6363063431208351,-0.5119626544743918,0.41497302274898124,-0.050176407349411783,-0.25,0.433,0.1,1.0,0.0,-0.0,0.0
0,1782349291.1657171,-0.6364825375385885,-0.5113875038618656,0.41492605756283507,-0.05874190561195371,-0.25,0.433,0.1,1.0,0.0,-0.0,0.0
0,1782349291.1995952,-0.6362967112491573,-0.5120183792514161,0.4149665542285516,-0.049053063509767805,-0.25,0.433,0.1,1.0,0.0,-0.0,0.0
0,1782349291.2340012,-0.6365094658279601,-0.5113092502735803,0.41493382168803955,-0.05994277647564926,-0.25,0.433,0.1,1.0,0.0,-0.0,0.0
0,1782349291.2720554,-0.6363053098865181,-0.5120149121498188,0.41496788036525506,-0.04853675337344411,-0.25,0.433,0.1,1.0,0.0,-0.0,0.0
0,1782349291.3023748,-0.6364772773310858,-0.5114387745196828,0.41501169729610604,-0.05849165530398723,-0.25,0.433,0.1,1.0,0.0,-0.0,0.0
0,1782349291.3344398,-0.6363790535746175,-0.5117875748458539,0.4149372453197778,-0.05148640220489176,-0.25,0.433,0.1,1.0,0.0,-0.0,0.0
0,1782349291.3752978,-0.6364371679840478,-0.5113979647733945,0.4149241999487388,-0.057831151326869834,-0.25,0.433,0.1,1.0,0.0,-0.0,0.0
0,1782349291.400186,-0.6362721011458211,-0.5119329016338863,0.41494756051889214,-0.05009350940294123,-0.25,0.433,0.1,1.0,0.0,-0.0,0.0
0,1782349291.4334064,-0.6364485939603056,-0.5113578868877726,0.414898576538539,-0.05866251425946116,-0.25,0.433,0.1,1.0,0.0,-0.0,0.0
0,1782349291.470774,-0.6362632005083548,-0.5119857385346894,0.4149386666462844,-0.04898733538034465,-0.25,0.433,0.1,1.0,0.0,-0.0,0.0
0,1782349291.5043924,-0.6364759157344729,-0.5112769105077468,0.4149056335988918,-0.05988736860530661,-0.25,0.433,0.1,1.0,0.0,-0.0,0.0
0,1782349291.539875,-0.6362720887911064,-0.5119825061618801,0.4149397089336545,-0.0484685420813733,-0.25,0.433,0.1,1.0,0.0,-0.0,0.0
0,1782349291.578073,-0.6364460215778416,-0.5114009370830799,0.4149834348151453,-0.05850073440675539,-0.25,0.433,0.1,1.0,0.0,-0.0,0.0
0,1782349291.6053019,-0.6363472225073512,-0.5117527632083221,0.41490915298791525,-0.05143288985744042,-0.25,0.433,0.1,1.0,0.0,-0.0,0.0
0,1782349291.635232,-0.636390641849235,-0.5113583802243571,0.41487361926752647,-0.05775254796469696,-0.25,0.433,0.1,1.0,0.0,-0.0,0.0
0,1782349291.674908,-0.6362247342664941,-0.5118971600556899,0.41489510274470254,-0.04997349962880042,-0.25,0.433,0.1,1.0,0.0,-0.0,0.0
0,1782349291.7023768,-0.636401992293219,-0.5113223582441663,0.41484509363482264,-0.05855277577570081,-0.25,0.433,0.1,1.0,0.0,-0.0,0.0
0,1782349291.7315834,-0.6362171155278725,-0.5119458349977795,0.4148843274422314,-0.048896853544581786,-0.25,0.433,0.1,1.0,0.0,-0.0,0.0
0,1782349291.7663054,-0.6363605852936276,-0.5114239991302585,0.41491305365722314,-0.05748276041521709,-0.25,0.433,0.1,1.0,0.0,-0.0,0.0
0,1782349291.8004727,-0.6362925113023968,-0.5117319398166602,0.41484699779526085,-0.05140018034982444,-0.25,0.433,0.1,1.0,0.0,-0.0,0.0
0,1782349291.8431132,-0.6363885985713129,-0.5113921660969789,0.414862025342169,-0.05744789459342986,-0.25,0.433,0.1,1.0,0.0,-0.0,0.0
0,1782349291.8791547,-0.6361619750429807,-0.5118406971448338,0.4148253427670824,-0.049957893645053736,-0.25,0.433,0.1,1.0,0.0,-0.0,0.0
0,1782349291.9143126,-0.636343889859551,-0.5112961121418746,0.41477924276060973,-0.058261140566185504,-0.25,0.433,0.1,1.0,0.0,-0.0,0.0
0,1782349291.9320805,-0.6361615253624544,-0.5119035313623198,0.4148097627938146,-0.04884077420793413,-0.25,0.433,0.1,1.0,0.0,-0.0,0.0
0,1782349291.9732127,-0.6363696552104299,-0.5112203828764694,0.4147811869439369,-0.059416844020198825,-0.25,0.433,0.1,1.0,0.0,-0.0,0.0
0,1782349291.9989984,-0.6361732274785876,-0.5118932321285627,0.4148095514512945,-0.048432392398614785,-0.25,0.433,0.1,1.0,0.0,-0.0,0.0
0,1782349292.039142,-0.6363249357395505,-0.5113560673542775,0.4148466882215841,-0.05791480505279123,-0.25,0.433,0.1,1.0,0.0,-0.0,0.0
0,1782349292.066106,-0.6362457532861638,-0.5116782854170532,0.4147755399819541,-0.05121447782562645,-0.25,0.433,0.1,1.0,0.0,-0.0,0.0
0,1782349292.099337,-0.6363383999276317,-0.5113382167461822,0.4147908919240707,-0.05753796341038979,-0.25,0.433,0.1,1.0,0.0,-0.0,0.0
0,1782349292.1333444,-0.6361016344775989,-0.511805053224766,0.414738977707617,-0.0497181602619831,-0.25,0.433,0.1,1.0,0.0,-0.0,0.0
0,1782349292.1776524,-0.6362878156108336,-0.5112498594601452,0.4146953476233968,-0.05823184995590576,-0.25,0.433,0.1,1.0,0.0,-0.0,0.0
0,1782349292.2109742,-0.636103922130512,-0.5118582562769011,0.4147223342393923,-0.04869249174109891,-0.25,0.433,0.1,1.0,0.0,-0.0,0.0
0,1782349292.2344258,-0.6363109545042873,-0.5111873284872414,0.4146993103221446,-0.059223327502389456,-0.25,0.433,0.1,1.0,0.0,-0.0,0.0
0,1782349292.266084,-0.6361165305051936,-0.5118434094134501,0.41472139175823464,-0.04840477079400482,-0.25,0.433,0.1,1.0,0.0,-0.0,0.0
0,1782349292.3009632,-0.6362639106900534,-0.511314620684802,0.414767951969205,-0.05768592418977925,-0.25,0.433,0.1,1.0,0.0,-0.0,0.0
0,1782349292.3450336,-0.6361882961125961,-0.511623009903645,0.4146831564883046,-0.051277351516614694,-0.25,0.433,0.1,1.0,0.0,-0.0,0.0
0,1782349292.3746595,-0.6362764861138909,-0.5113073414066611,0.414703761433957,-0.057258757836289156,-0.25,0.433,0.1,1.0,0.0,-0.0,0.0
0,1782349292.4005857,-0.6360417891145161,-0.5117653663216605,0.41464618496863825,-0.049652362317291004,-0.25,0.433,0.1,1.0,0.0,-0.0,0.0
0,1782349292.4412143,-0.6362253602568818,-0.5112212916688048,0.41460200788340407,-0.05796699892288,-0.25,0.433,0.1,1.0,0.0,-0.0,0.0
0,1782349292.47185,-0.6360437827336565,-0.5118166947884132,0.41462895075032036,-0.04861505771205016,-0.25,0.433,0.1,1.0,0.0,-0.0,0.0
0,1782349292.5034537,-0.6362486034903508,-0.5111609808800321,0.41460719232011817,-0.05893997339222695,-0.25,0.433,0.1,1.0,0.0,-0.0,0.0
0,1782349292.534356,-0.6360569952414603,-0.5117991753701507,0.41462762578249174,-0.04835805088483386,-0.25,0.433,0.1,1.0,0.0,-0.0,0.0
0,1782349292.5736442,-0.6362643247366147,-0.5111277648823387,0.41461783880701714,-0.05946076986563893,-0.25,0.433,0.1,1.0,0.0,-0.0,0.0
0,1782349292.600116,-0.6360622427201255,-0.5117925496056844,0.4146269103361556,-0.0482626997384346,-0.25,0.433,0.1,1.0,0.0,-0.0,0.0
0,1782349292.6343389,-0.6362730020734686,-0.5111058089960866,0.4146214771360362,-0.059765295247343184,-0.25,0.433,0.1,1.0,0.0,-0.0,0.0
0,1782349292.6686828,-0.6360636206858121,-0.5117922164667892,0.41462700861469304,-0.04817016542063311,-0.25,0.433,0.1,1.0,0.0,-0.0,0.0
0,1782349292.7090802,-0.6361582395423965,-0.5112236719860976,0.4146082753063536,-0.05764411263933568,-0.25,0.433,0.1,1.0,0.0,-0.0,0.0
0,1782349292.7327034,-0.6360837380320391,-0.5115192886239,0.41450187670225824,-0.05130726005004389,-0.25,0.433,0.1,1.0,0.0,-0.0,0.0
0,1782349292.7749553,-0.6361601895644451,-0.51124157396721,0.41451966550698727,-0.05688734295453515,-0.25,0.433,0.1,1.0,0.0,-0.0,0.0
0,1782349292.7990806,-0.6359902435959488,-0.5117368123836046,0.41454086489481173,-0.04959619229211082,-0.25,0.433,0.1,1.0,0.0,-0.0,0.0
0,1782349292.8349822,-0.6361643344298403,-0.5111977106090322,0.4144998632428234,-0.05768195980119213,-0.25,0.433,0.1,1.0,0.0,-0.0,0.0
0,1782349292.872809,-0.6359862620630865,-0.5117793773615824,0.4145356430142462,-0.048547741612812556,-0.25,0.433,0.1,1.0,0.0,-0.0,0.0
0,1782349292.9028342,-0.6361890969339555,-0.511140199160256,0.4145146898576607,-0.0586450739239438,-0.25,0.433,0.1,1.0,0.0,-0.0,0.0
0,1782349292.9327204,-0.6359468241852652,-0.5117220424691161,0.41445662318563226,-0.04823559431176372,-0.25,0.433,0.1,1.0,0.0,-0.0,0.0
0,1782349292.9664893,-0.6361551711842766,-0.511088612272629,0.41444886185566987,-0.0589486119029522,-0.25,0.433,0.1,1.0,0.0,-0.0,0.0
0,1782349293.0065424,-0.6359562772974583,-0.5117179664249685,0.41444483778401486,-0.04819684198687317,-0.25,0.433,0.1,1.0,0.0,-0.0,0.0
0,1782349293.0359197,-0.6361587409366495,-0.5110794139069136,0.4144461344823801,-0.05908031198403148,-0.25,0.433,0.1,1.0,0.0,-0.0,0.0
0,1782349293.0689878,-0.6359571802411877,-0.5117158416955525,0.41444451592005466,-0.04818143511668452,-0.25,0.433,0.1,1.0,0.0,-0.0,0.0
0,1782349293.107046,-0.6361606765582395,-0.5110760100196746,0.4144474989192981,-0.059132742934189575,-0.25,0.433,0.1,1.0,0.0,-0.0,0.0
0,1782349293.138335,-0.6359576645938878,-0.5117151099070973,0.41444437440643195,-0.048174659660715866,-0.25,0.433,0.1,1.0,0.0,-0.0,0.0
0,1782349293.1670625,-0.6361614128207098,-0.5110746459372077,0.4144481186979091,-0.05915362139876722,-0.25,0.433,0.1,1.0,0.0,-0.0,0.0
0,1782349293.2053268,-0.6359136347000651,-0.5116859112652705,0.4143752916702131,-0.048103669111432226,-0.25,0.433,0.1,1.0,0.0,-0.0,0.0
0,1782349293.236127,-0.6361206431129728,-0.5110604282750012,0.4143800518276512,-0.05898602238199829,-0.25,0.433,0.1,1.0,0.0,-0.0,0.0
0,1782349293.2778158,-0.6359170134645452,-0.5116869144805086,0.4143661133018259,-0.04814693920591792,-0.25,0.433,0.1,1.0,0.0,-0.0,0.0
0,1782349293.3090162,-0.6361173704011117,-0.5110644677524179,0.4143727182604774,-0.05891434701976926,-0.25,0.433,0.1,1.0,0.0,-0.0,0.0
0,1782349293.3381271,-0.6359157915284813,-0.511688237703707,0.4143661262560154,-0.04815594211210948,-0.25,0.433,0.1,1.0,0.0,-0.0,0.0
0,1782349293.3716702,-0.6361164614473058,-0.5110662358355336,0.41437170764505926,-0.05888658984011448,-0.25,0.433,0.1,1.0,0.0,-0.0,0.0
0,1782349293.411561,-0.6359154827170659,-0.5116887307068246,0.41436614386879606,-0.0481583003700389,-0.25,0.433,0.1,1.0,0.0,-0.0,0.0
0,1782349293.4670372,-0.6361160822483775,-0.5110669120931559,0.4143713819718901,-0.058876238755080135,-0.25,0.433,0.1,1.0,0.0,-0.0,0.0
0,1782349293.4869797,-0.6359153878027453,-0.5116888796424577,0.41436616446126934,-0.048159407586470235,-0.25,0.433,0.1,1.0,0.0,-0.0,0.0
0,1782349293.5015373,-0.6361159390470729,-0.511067169685565,0.41437125869987235,-0.05887230546055071,-0.25,0.433,0.1,1.0,0.0,-0.0,0.0
0,1782349293.5356643,-0.6358818569304063,-0.5116698115914751,0.4143085033292405,-0.0481019207638515,-0.25,0.433,0.1,1.0,0.0,-0.0,0.0
0,1782349293.5691736,-0.6360843993295504,-0.5110590146498433,0.4143141045970084,-0.05873064844875675,-0.25,0.433,0.1,1.0,0.0,-0.0,0.0
0,1782349293.6048734,-0.6358840877216203,-0.5116692334111715,0.41430141903851564,-0.04814346497945088,-0.25,0.433,0.1,1.0,0.0,-0.0,0.0
0,1782349293.639412,-0.6360816907977175,-0.5110626690640595,0.4143083237391789,-0.05866810395553583,-0.25,0.433,0.1,1.0,0.0,-0.0,0.0
0,1782349293.6720114,-0.6358829863605657,-0.5116705872229832,0.41430138909028086,-0.04815013808740434,-0.25,0.433,0.1,1.0,0.0,-0.0,0.0
0,1782349293.704158,-0.6360809177219063,-0.5110641315282111,0.41430747169813087,-0.0586448380883271,-0.25,0.433,0.1,1.0,0.0,-0.0,0.0
0,1782349293.7405639,-0.635882732725505,-0.5116710174081751,0.41430141209862814,-0.048151744291157775,-0.25,0.433,0.1,1.0,0.0,-0.0,0.0
0,1782349293.7723696,-0.6360806036816681,-0.511064682118619,0.4143071982204632,-0.05863643601225842,-0.25,0.433,0.1,1.0,0.0,-0.0,0.0
0,1782349293.8062928,-0.6358826585305919,-0.5116711374622439,0.4143014312739692,-0.048152588367072965,-0.25,0.433,0.1,1.0,0.0,-0.0,0.0
0,1782349293.8372273,-0.6360582924988576,-0.5110617085122475,0.414265691903992,-0.058520405903715975,-0.25,0.433,0.1,1.0,0.0,-0.0,0.0
0,1782349293.878295,-0.6358611993747652,-0.5116602728596946,0.414254805903038,-0.048149188580365446,-0.25,0.433,0.1,1.0,0.0,-0.0,0.0
0,1782349293.901042,-0.6360573985635243,-0.511064968856196,0.4142590664875162,-0.058480180219797326,-0.25,0.433,0.1,1.0,0.0,-0.0,0.0
0,1782349293.9339955,-0.6358607630298363,-0.5116608885048382,0.4142522062495397,-0.04814924683068743,-0.25,0.433,0.1,1.0,0.0,-0.0,0.0
0,1782349293.9792206,-0.6360566758317785,-0.5110658583333286,0.41425846233211056,-0.058465965526788885,-0.25,0.433,0.1,1.0,0.0,-0.0,0.0
0,1782349294.0018578,-0.6358606745649683,-0.5116610760750968,0.41425219421161363,-0.04815039281307175,-0.25,0.433,0.1,1.0,0.0,-0.0,0.0
0,1782349294.0474586,-0.6360564871077791,-0.5110661861726844,0.4142582813790971,-0.058461017165708964,-0.25,0.433,0.1,1.0,0.0,-0.0,0.0
0,1782349294.076711,-0.6358606249745229,-0.5116611558184417,0.41425220501738863,-0.04815082381647644,-0.25,0.433,0.1,1.0,0.0,-0.0,0.0
0,1782349294.10714,-0.6360457531288014,-0.5110688792116205,0.414229848860796,-0.058393471354277485,-0.25,0.433,0.1,1.0,0.0,-0.0,0.0
0,1782349294.1370523,-0.6358495901119122,-0.5116575621572694,0.4142205564342807,-0.048153068181538874,-0.25,0.433,0.1,1.0,0.0,-0.0,0.0
0,1782349294.167439,-0.6360444329996591,-0.5110698836862646,0.4142262623917563,-0.05836681953054183,-0.25,0.433,0.1,1.0,0.0,-0.0,0.0
0,1782349294.2031662,-0.6358493861649231,-0.5116582967685868,0.41421939904837723,-0.04815249763021469,-0.25,0.433,0.1,1.0,0.0,-0.0,0.0
0,1782349294.2472346,-0.6360439733583402,-0.5110704593967242,0.41422579198875437,-0.05835750628685346,-0.25,0.433,0.1,1.0,0.0,-0.0,0.0
0,1782349294.2741704,-0.6358493355093706,-0.5116583749932094,0.4142194152273516,-0.048153555423635905,-0.25,0.433,0.1,1.0,0.0,-0.0,0.0
0,1782349294.311321,-0.6360438439496754,-0.5110706860825939,0.41422566732449756,-0.05835409340719808,-0.25,0.433,0.1,1.0,0.0,-0.0,0.0
0,1782349294.3415825,-0.6358494281853857,-0.5116648077663466,0.4142036653887179,-0.04814423703081919,-0.25,0.433,0.1,1.0,0.0,-0.0,0.0
0,1782349294.3685153,-0.6360425105303251,-0.5110759919356676,0.41420971647902716,-0.05833326331511421,-0.25,0.433,0.1,1.0,0.0,-0.0,0.0
0,1782349294.4036422,-0.6358484049365114,-0.5116615205639354,0.41420311618308087,-0.04816056721510502,-0.25,0.433,0.1,1.0,0.0,-0.0,0.0
0,1782349294.4429798,-0.6360422068286392,-0.5110772088136317,0.41420940622912683,-0.058318215936100565,-0.25,0.433,0.1,1.0,0.0,-0.0,0.0
0,1782349294.4789784,-0.6358480707254947,-0.5116621177407961,0.4142029551622468,-0.04816073000953519,-0.25,0.433,0.1,1.0,0.0,-0.0,0.0
1,1782349294.506975,-0.6360420432315912,-0.5110774766499752,0.4142092721022546,-0.05831357001694083,-0.25,0.433,0.1,1.0,0.0,-0.0,0.0
2,1782349294.5488842,-0.6325439543524686,-0.5093395486449095,0.41364741611614786,-0.044921337468337236,-0.25,0.433,0.1,1.0,-0.0,-0.0,-0.0
3,1782349294.5762277,-0.6153485594940897,-0.4929118157363741,0.4111254927154915,-0.03643760168166792,-0.25,0.433,0.1,1.0,-0.002,-0.001,-0.0
4,1782349294.6137223,-0.5683139682750993,-0.44524394934524386,0.394134059588856,-0.020077478452143527,-0.25,0.433,0.104,1.0,-0.01,-0.007,-0.0
5,1782349294.6478002,-0.5692451935137,-0.44860539012332773,0.4030277051726418,0.0019374523336526533,-0.25,0.433,0.11,1.0,-0.022,-0.015,-0.001
6,1782349294.6778133,-0.4550140696349717,-0.33739026257415533,0.4429519994055523,0.10188896477623448,-0.25,0.434,0.123,0.999,-0.043,-0.029,-0.001
7,1782349294.7023137,-0.5211913500641328,-0.40050252128328245,0.3818876985026282,0.1450205505223619,-0.252,0.435,0.15,0.996,-0.07,-0.048,0.0
8,1782349294.7368124,-0.5087703506184436,-0.38381356981399084,0.32234792525791667,0.04250828967637452,-0.254,0.438,0.177,0.994,-0.089,-0.06,0.001
9,1782349294.7883964,-0.5165503132126299,-0.392422420506211,0.33299230098634214,0.06425917630698966,-0.256,0.442,0.207,0.992,-0.103,-0.069,0.002
9,1782349294.8090456,-0.48610678957126213,-0.36309250007429134,0.2746701732955859,0.07247964758496278,-0.258,0.444,0.227,0.991,-0.112,-0.075,0.002
11,1782349294.8427615,-0.3739541199774761,-0.2540151877054264,0.3178034187857571,0.17066765453200988,-0.264,0.454,0.285,0.986,-0.136,-0.092,0.002
12,1782349294.867101,-0.2646052672685866,-0.14766480830043655,0.2598583343465366,0.2664009588617501,-0.27,0.461,0.329,0.982,-0.156,-0.105,0.001
13,1782349294.9025118,-0.15799062640056621,-0.04397361081510737,0.23996376473950756,0.3597289964182041,-0.275,0.469,0.368,0.977,-0.175,-0.117,0.0
14,1782349294.934629,-0.054040875372501226,0.0571257206200549,0.18796015366956148,0.4507354112781604,-0.281,0.477,0.407,0.971,-0.2,-0.133,-0.002
15,1782349294.9748251,0.04731014223369906,0.155697575420069,0.15873829957491475,0.45950266766240405,-0.283,0.479,0.44,0.955,-0.249,-0.163,-0.006
16,1782349295.0022674,0.14612667603098844,0.25180499733329037,0.10476990821539936,0.3483396937165029,-0.284,0.48,0.475,0.924,-0.32,-0.207,-0.014
17,1782349295.0359821,0.2424732682087149,0.3455095724389274,0.052152131562920756,0.4396279513257061,-0.285,0.481,0.501,0.9,-0.365,-0.236,-0.023
18,1782349295.0746639,0.3364114257781163,0.43687182457261986,0.05000001847459394,0.45411407252803787,-0.287,0.483,0.529,0.875,-0.406,-0.263,-0.036
19,1782349295.1030195,0.42800113355211783,0.5259500249187511,0.05000000552060342,0.3427615289276954,-0.289,0.486,0.564,0.843,-0.448,-0.293,-0.056
20,1782349295.136038,0.517300673723656,0.612800704741153,0.09874999195054301,0.33007338306094913,-0.291,0.489,0.592,0.817,-0.476,-0.316,-0.076
21,1782349295.1701326,0.6043676769100707,0.6974795342585366,0.14628119769359826,0.22187874390127899,-0.294,0.493,0.616,0.793,-0.499,-0.335,-0.096
22,1782349295.2011077,0.67343193509749,0.7329179037035788,0.19262416082400735,0.31632815134851344,-0.297,0.497,0.636,0.773,-0.515,-0.352,-0.118
23,1782349295.26158,0.5743567721062489,0.672914027472831,0.2081107084799886,0.39504896598572764,-0.299,0.5,0.651,0.759,-0.523,-0.363,-0.137
23,1782349295.2838628,0.5389542752984988,0.6672943409684986,0.18608702857737042,0.2851727777855027,-0.302,0.506,0.664,0.752,-0.523,-0.37,-0.158
25,1782349295.3064272,0.4611573281697996,0.5902263893393485,0.21479543463875195,0.17804554247000268,-0.305,0.512,0.674,0.76,-0.504,-0.37,-0.178
26,1782349295.3336053,0.40856478870942303,0.5848908929267066,0.25942535685109713,0.08868777469798511,-0.304,0.512,0.676,0.787,-0.461,-0.368,-0.18
27,1782349295.3733582,0.298350683027161,0.5154190687359723,0.3029396545740457,-0.013529278817790424,-0.301,0.51,0.674,0.808,-0.429,-0.367,-0.172
28,1782349295.4037952,0.390891915566985,0.6025335883917593,0.261533936600058,0.08680894814810097,-0.295,0.503,0.667,0.817,-0.41,-0.375,-0.153
29,1782349295.4427495,0.48111955351743596,0.6723775457323278,0.21641572788894925,0.18060931051065077,-0.29,0.497,0.661,0.808,-0.422,-0.387,-0.139
30,1782349295.4716673,0.5690915643189395,0.7555681042804332,0.24944530663802061,0.2760940747616504,-0.282,0.487,0.653,0.783,-0.456,-0.406,-0.121
31,1782349295.5010943,0.6548642745690496,0.7095262135988105,0.19320917432409046,0.3267126248947994,-0.276,0.476,0.645,0.753,-0.495,-0.42,-0.108
32,1782349295.545976,0.7091030157336048,0.6752724898187874,0.2015682835002099,0.21854896362902865,-0.269,0.464,0.635,0.721,-0.533,-0.431,-0.1
33,1782349295.5729146,0.7763850733823638,0.6823153167560696,0.24652906982263986,0.11308524532591221,-0.261,0.452,0.625,0.693,-0.565,-0.438,-0.099
34,1782349295.6096678,0.6569754735276154,0.565257968002676,0.29036567886363923,0.0102584229413967,-0.252,0.435,0.611,0.663,-0.593,-0.444,-0.105
35,1782349295.6393359,0.5405510872824407,0.6511264834728467,0.33310653359616976,-0.0899980308066642,-0.245,0.422,0.597,0.647,-0.607,-0.447,-0.113
36,1782349295.676335,0.42703732083137136,0.5348484558137174,0.32777145834599025,-0.1877479795394481,-0.236,0.405,0.577,0.636,-0.616,-0.449,-0.123
37,1782349295.7061865,0.3163614455351268,0.42147750546146673,0.26957722127148853,-0.28305394399461187,-0.229,0.393,0.557,0.632,-0.619,-0.449,-0.127
38,1782349295.742901,0.2084525727339426,0.36061755288900266,0.29602866297341573,-0.26849107434838015,-0.224,0.382,0.533,0.631,-0.623,-0.445,-0.128
39,1782349295.774397,0.10326895956359931,0.4036458512964142,0.24014598107676358,-0.25283371536310795,-0.221,0.377,0.514,0.63,-0.627,-0.44,-0.127
40,1782349295.80549,0.0006876604550987708,0.29355472318204723,0.18414233362595223,-0.3465124040611387,-0.219,0.374,0.49,0.627,-0.635,-0.434,-0.124
41,1782349295.8376422,-0.09932927106406254,0.38621577076142755,0.129538925079917,-0.4090918424276304,-0.218,0.372,0.453,0.62,-0.648,-0.426,-0.12
42,1782349295.8688946,-0.19684588290995164,0.2765604256352515,0.07630052278691625,-0.49886435904512355,-0.218,0.373,0.42,0.613,-0.66,-0.419,-0.116
43,1782349295.906496,-0.09192474032636593,0.3696463488281182,0.12439262970692198,-0.38639275384273786,-0.219,0.375,0.38,0.605,-0.674,-0.41,-0.112
44,1782349295.937436,0.010373378105646577,0.460405190039351,0.17128281393459,-0.2767329350737716,-0.22,0.377,0.332,0.596,-0.689,-0.399,-0.108
45,1782349295.968865,-0.023518645278482478,0.45482710073877947,0.1170007436764482,-0.16981461236774548,-0.22,0.38,0.298,0.591,-0.698,-0.391,-0.105
46,1782349296.007289,0.07706932057110728,0.5434564225791301,0.1640757249618974,-0.06556924796990894,-0.222,0.384,0.242,0.583,-0.712,-0.379,-0.101
47,1782349296.035974,-0.024857069207279814,0.4298702950779567,0.1099743571752446,-0.163928523708887,-0.223,0.387,0.198,0.578,-0.72,-0.37,-0.1
48,1782349296.0691466,0.0757638921161222,0.4441090868406834,0.06660791647482359,-0.059830854667064046,-0.225,0.392,0.134,0.573,-0.73,-0.359,-0.1
49,1782349296.1036525,-0.02613020510717534,0.3330063602076683,0.0835529275814994,-0.15833508318117073,-0.226,0.396,0.085,0.57,-0.736,-0.352,-0.101
50,1782349296.1369479,-0.12547692824635456,0.22468122077298316,0.05000045679974194,-0.25437666620947924,-0.216,0.392,0.054,0.695,-0.657,-0.271,-0.112
51,1782349296.1687007,-0.022340005785863884,0.16512060765419734,0.05000000850218098,-0.14801726350088576,-0.206,0.394,0.044,0.706,-0.676,-0.208,-0.05
52,1782349296.2031586,0.0782184936784497,0.061925931031656764,0.05000000191537,-0.2443168173725658,-0.197,0.396,0.032,0.707,-0.695,-0.128,0.032
53,1782349296.2383254,0.17626303112241695,0.16037778133271458,0.05043791937771666,-0.3382088956622885,-0.192,0.396,0.025,0.702,-0.703,-0.076,0.085
54,1782349296.2844298,0.07185645537125715,0.25636833678647813,0.08302536747976609,-0.4297536732492917,-0.191,0.396,0.026,0.701,-0.704,-0.065,0.095
55,1782349296.3032236,-0.02993992846082867,0.34995912346577673,0.05000001030880938,-0.3190098731206195,-0.191,0.396,0.027,0.701,-0.704,-0.062,0.098
56,1782349296.3384845,-0.1291913237555378,0.44121011833882817,0.09875000885237348,-0.4110337761867684,-0.19,0.394,0.025,0.702,-0.703,-0.078,0.084
57,1782349296.3802352,-0.07303900145378678,0.39194670872552384,0.06249830301528968,-0.500757931683856,-0.19,0.394,0.025,0.703,-0.702,-0.081,0.081
58,1782349296.4012349,-0.1712130257880754,0.4008056195084957,0.05000000333224271,-0.4891575128875571,-0.191,0.392,0.025,0.703,-0.702,-0.083,0.078
59,1782349296.4432812,-0.2669325408836372,0.44840592980234173,0.08259714349621511,-0.576928534480692,-0.192,0.389,0.025,0.703,-0.703,-0.081,0.075
60,1782349296.4699533,-0.2445695850475476,0.3604764956853961,0.050000000001127864,-0.4831489747323569,-0.192,0.389,0.025,0.703,-0.703,-0.078,0.076
61,1782349296.5087662,-0.16629500542316017,0.45146458325131633,0.05000000000184901,-0.5710702503287033,-0.192,0.389,0.025,0.703,-0.703,-0.078,0.076
62,1782349296.5468078,-0.26213762118551615,0.34017801968508554,0.05000000469379241,-0.45679350055421647,-0.192,0.389,0.025,0.703,-0.703,-0.078,0.076
63,1782349296.5749269,-0.17800345376996168,0.43167307776694086,0.06067005243906292,-0.49078866683011213,-0.192,0.389,0.025,0.703,-0.703,-0.078,0.076
64,1782349296.6017773,-0.07355336927293073,0.5208812476781981,0.08186494230121566,-0.3785189505179888,-0.192,0.389,0.025,0.703,-0.703,-0.078,0.076
65,1782349296.6362712,-0.1338400697763701,0.43824428336251503,0.11574584738065372,-0.46905580339731406,-0.192,0.389,0.025,0.703,-0.703,-0.078,0.076
66,1782349296.677399,-0.2284151126667444,0.5006446406547155,0.06988332285465913,-0.3573294411586793,-0.192,0.389,0.025,0.703,-0.703,-0.078,0.076
67,1782349296.7058458,-0.14585249971340208,0.3881306573451861,0.0979689292018052,-0.44839583560111135,-0.192,0.389,0.025,0.703,-0.703,-0.078,0.076
68,1782349296.738155,-0.14971726143952682,0.47842728463415196,0.07242209757720386,-0.33718597572195697,-0.192,0.389,0.025,0.703,-0.703,-0.078,0.076
69,1782349296.7740636,-0.0469152800471469,0.5664537111174288,0.09733340553907653,-0.4287559235330359,-0.192,0.389,0.025,0.703,-0.703,-0.078,0.076
70,1782349296.801032,-0.1457413007927048,0.6411231977799154,0.08538358569764998,-0.318037438519746,-0.192,0.389,0.025,0.703,-0.703,-0.078,0.076
71,1782349296.8357866,-0.2409013636106328,0.5932233403786372,0.09508569617199222,-0.41008649975236355,-0.192,0.389,0.025,0.703,-0.703,-0.078,0.076
72,1782349296.8666177,-0.33487882715395273,0.4840662901631325,0.05000000087263813,-0.4159969026691991,-0.192,0.389,0.025,0.703,-0.703,-0.077,0.076
73,1782349296.9046464,-0.28730952071236465,0.4470492929793817,0.06261318219170371,-0.5055967098296197,-0.192,0.389,0.025,0.703,-0.703,-0.077,0.076
74,1782349296.936326,-0.3801267820958578,0.5358730578564688,0.050000000423116066,-0.3929567926380849,-0.192,0.389,0.025,0.703,-0.703,-0.077,0.076
75,1782349296.9702654,-0.2706236173006975,0.42247625185743076,0.06049209712586413,-0.48313278677651983,-0.192,0.389,0.025,0.703,-0.703,-0.077,0.076
76,1782349297.0026164,-0.3486690751253878,0.38396761530357415,0.05000000063332902,-0.3710544672826738,-0.192,0.389,0.025,0.703,-0.703,-0.077,0.076
77,1782349297.0354884,-0.23995235019935904,0.2743684338092255,0.05000000489558737,-0.43869504914685453,-0.192,0.389,0.025,0.703,-0.703,-0.077,0.076
78,1782349297.0715308,-0.33395352010708873,0.33504006204142345,0.07517965830383569,-0.3277277237527419,-0.192,0.389,0.025,0.703,-0.703,-0.077,0.076
79,1782349297.1023498,-0.22560468402087114,0.22666407224345864,0.09431353234434726,-0.21953453494026987,-0.192,0.389,0.025,0.703,-0.703,-0.077,0.077
80,1782349297.135554,-0.2788980075978562,0.23487712069053104,0.1142428073930371,-0.11404636930351612,-0.192,0.389,0.025,0.703,-0.703,-0.077,0.077
81,1782349297.17933,-0.17192555743768867,0.16759545170360815,0.09025503809701532,-0.011195210239050984,-0.192,0.389,0.025,0.703,-0.703,-0.077,0.077
82,1782349297.2097394,-0.26762517961600873,0.2630028131639203,0.1098703500019099,-0.11062225988970374,-0.192,0.389,0.025,0.703,-0.703,-0.077,0.077
83,1782349297.2417634,-0.259968246211327,0.25338475157174617,0.0652710153281747,-0.007857636553365882,-0.192,0.389,0.025,0.703,-0.703,-0.077,0.077
84,1782349297.2772512,-0.3357003621566882,0.3470501277753312,0.11363923904848675,0.09233748997550184,-0.192,0.389,0.025,0.703,-0.703,-0.077,0.077
85,1782349297.312446,-0.32412230828030025,0.23877160625654745,0.11657433641362122,0.19002904919729735,-0.192,0.388,0.025,0.703,-0.703,-0.077,0.076
86,1782349297.334106,-0.3482639165438346,0.33280070370370113,0.13162083835772892,0.08527968111131316,-0.195,0.379,0.026,0.704,-0.703,-0.079,0.066
87,1782349297.3706343,-0.439555333794133,0.22448435897036811,0.10137653892053378,0.12812071324458152,-0.197,0.368,0.027,0.705,-0.703,-0.075,0.056
88,1782349297.402384,-0.5285663073414979,0.19799006796639368,0.14484918862288448,0.1412781674557087,-0.198,0.357,0.027,0.706,-0.704,-0.069,0.047
89,1782349297.437976,-0.5970970666070018,0.09304032659033057,0.14682116182350416,0.23774621153519088,-0.2,0.344,0.027,0.706,-0.704,-0.061,0.04
90,1782349297.4742882,-0.5513732535957171,0.13405566816194886,0.13592565521402428,0.331797484011825,-0.202,0.33,0.027,0.706,-0.705,-0.053,0.035
91,1782349297.5032563,-0.5760462960822759,0.14176021789696783,0.10000519200991223,0.42350196345365815,-0.203,0.316,0.026,0.706,-0.705,-0.047,0.031
92,1782349297.533386,-0.6616450925449686,0.03821627023940341,0.14750505758727767,0.38085245261736267,-0.204,0.302,0.026,0.707,-0.706,-0.043,0.028
93,1782349297.5738754,-0.7451033917681483,-0.06273806639292939,0.19381701355808248,0.4019866756766568,-0.205,0.286,0.026,0.707,-0.706,-0.04,0.026
94,1782349297.6163306,-0.62647580697867,-0.09999999972216211,0.23897158821337672,0.47155498885663216,-0.205,0.27,0.026,0.707,-0.706,-0.039,0.025
95,1782349297.643193,-0.7108139118087516,-0.19749999850668382,0.2829972981362763,0.3660170036001529,-0.205,0.257,0.026,0.707,-0.706,-0.038,0.025
96,1782349297.679686,-0.6806455298427586,-0.23885895659981196,0.22592252506699811,0.4568664391559318,-0.205,0.235,0.026,0.707,-0.706,-0.038,0.026
97,1782349297.709385,-0.5636293922279377,-0.32674972769363,0.27027446130800953,0.484823710333863,-0.205,0.221,0.026,0.707,-0.706,-0.038,0.025
98,1782349297.7335896,-0.6495386516095906,-0.41858097592384613,0.30131658767129627,0.5029593557678516,-0.205,0.206,0.026,0.707,-0.706,-0.04,0.024
99,1782349297.7682264,-0.7332996301923241,-0.5081163994489772,0.24378539967081092,0.39040946692628575,-0.205,0.192,0.027,0.707,-0.706,-0.043,0.021
100,1782349297.8060043,-0.7018418617834877,-0.5954134885309055,0.28769076464411775,0.4806490157016249,-0.206,0.178,0.028,0.707,-0.705,-0.048,0.015
101,1782349297.8393455,-0.5842958153261774,-0.6805281512382634,0.33049849547181354,0.5686327902791968,-0.206,0.169,0.029,0.707,-0.705,-0.053,0.011
102,1782349297.8673553,-0.6084580250793825,-0.5812447779761487,0.27223659350850804,0.6544166538996713,-0.207,0.158,0.03,0.707,-0.705,-0.06,0.003
103,1782349297.9031541,-0.49324657445280917,-0.6667136585217053,0.2154306786714288,0.7380562375520068,-0.208,0.148,0.031,0.707,-0.704,-0.069,-0.005
104,1782349297.936649,-0.5809151307066225,-0.7500457989765817,0.23962154266436306,0.7209465597854696,-0.209,0.139,0.033,0.707,-0.703,-0.08,-0.016
105,1782349297.9686527,-0.46639225600943274,-0.7318881276539745,0.19533572774090502,0.7487298614913187,-0.21,0.129,0.035,0.706,-0.701,-0.094,-0.031
106,1782349298.003306,-0.44586264867969044,-0.8135909196036943,0.2404523341785424,0.6560925204757962,-0.211,0.121,0.037,0.706,-0.699,-0.107,-0.044
107,1782349298.034978,-0.45059940589110714,-0.6932511466771597,0.19159203829058027,0.7396902073609645,-0.213,0.113,0.039,0.705,-0.697,-0.121,-0.058
108,1782349298.0720427,-0.42672627441300703,-0.769261923757298,0.23680214392941254,0.8211960124472908,-0.214,0.107,0.041,0.704,-0.694,-0.133,-0.071
109,1782349298.1028755,-0.455135496032608,-0.8236998743030063,0.18088209150797574,0.8899332021563507,-0.216,0.1,0.043,0.702,-0.691,-0.148,-0.086
110,1782349298.1374834,-0.3437571110846973,-0.7322456249074498,0.22636003884264888,0.7676848747105014,-0.218,0.094,0.045,0.7,-0.688,-0.163,-0.101
111,1782349298.1701872,-0.4334233842671954,-0.7789785851958333,0.17070103894048475,0.8233304035968749,-0.22,0.09,0.047,0.697,-0.684,-0.179,-0.117
112,1782349298.2139103,-0.3225884889795281,-0.6596236258805187,0.21643345084329202,0.7027490801695961,-0.222,0.086,0.049,0.694,-0.68,-0.195,-0.134
113,1782349298.2368124,-0.41452376758338483,-0.7431330335668396,0.16102261649471572,0.6708583101102334,-0.225,0.083,0.051,0.691,-0.675,-0.212,-0.151
114,1782349298.2763414,-0.30416083450512604,-0.6383996828488552,0.20699702277575113,0.5540870583146437,-0.228,0.079,0.054,0.686,-0.668,-0.233,-0.173
115,1782349298.308975,-0.37816746899693787,-0.7224392212940614,0.15182336474659563,0.4946692140806024,-0.231,0.077,0.056,0.681,-0.662,-0.25,-0.189
116,1782349298.3408637,-0.294772855057561,-0.6043782412172121,0.19802778055772752,0.5224489635598843,-0.234,0.075,0.057,0.676,-0.655,-0.267,-0.207
117,1782349298.3730288,-0.38740352837041214,-0.6892687851586448,0.15000024097642906,0.4575738928830825,-0.236,0.074,0.058,0.672,-0.649,-0.28,-0.221
118,1782349298.4019222,-0.41541579321483385,-0.6138887251115923,0.14999998504620432,0.34613457599692443,-0.238,0.073,0.059,0.667,-0.644,-0.293,-0.234
119,1782349298.4339106,-0.44393493930978023,-0.698541505613987,0.16933944263821837,0.4374812032828985,-0.24,0.072,0.06,0.664,-0.64,-0.301,-0.242
120,1782349298.4724317,-0.44283214959343,-0.6915437338129082,0.18008878514306614,0.5265441729425856,-0.241,0.071,0.061,0.661,-0.636,-0.308,-0.25
121,1782349298.499007,-0.43361808849639194,-0.7254265277443404,0.1500023568270461,0.6133789616681291,-0.242,0.071,0.061,0.659,-0.633,-0.315,-0.257
122,1782349298.54233,-0.32277763655307434,-0.7600123086106104,0.19625229778412082,0.630090766594785,-0.243,0.071,0.061,0.657,-0.631,-0.32,-0.262
123,1782349298.575526,-0.3340986202420531,-0.6639393705455849,0.14134599352626306,0.5143385025332168,-0.244,0.071,0.062,0.655,-0.628,-0.324,-0.267
124,1782349298.6144073,-0.42574595021762074,-0.747340875002859,0.18781234148730963,0.6014800301402861,-0.245,0.071,0.062,0.653,-0.627,-0.327,-0.27
125,1782349298.6418474,-0.31510231077563344,-0.6672012411677256,0.23182743228911756,0.5349582276215085,-0.245,0.071,0.062,0.653,-0.626,-0.329,-0.271
126,1782349298.6676865,-0.4072246361025259,-0.7505212061598161,0.17603175255022377,0.6215832876542052,-0.246,0.071,0.062,0.651,-0.624,-0.332,-0.275
127,1782349298.7089107,-0.2970440208147361,-0.831758175550992,0.1637001990946274,0.5086563451438112,-0.246,0.071,0.062,0.65,-0.623,-0.334,-0.277
128,1782349298.7356632,-0.31905867402138416,-0.7859543431948691,0.2096076918192074,0.3959399652273328,-0.247,0.071,0.063,0.649,-0.622,-0.337,-0.28
129,1782349298.7804224,-0.4110822071678898,-0.6663054846202164,0.2543674995203768,0.48604146609486304,-0.247,0.071,0.063,0.649,-0.621,-0.339,-0.282
130,1782349298.8013406,-0.5007927461022739,-0.7496478416024932,0.1980869299522863,0.41698620527067903,-0.247,0.071,0.063,0.648,-0.62,-0.34,-0.283
131,1782349298.8338656,-0.4389638539567082,-0.8309066365812043,0.21390896683481517,0.3065616682624875,-0.248,0.071,0.063,0.647,-0.619,-0.342,-0.285
132,1782349298.8782878,-0.4219525598498364,-0.910133970641253,0.2585612426591834,0.1988976266119069,-0.248,0.071,0.063,0.646,-0.618,-0.343,-0.287
133,1782349298.909457,-0.5114037420425834,-0.7873806221731853,0.30209721019399394,0.29392518396430356,-0.248,0.071,0.063,0.646,-0.618,-0.344,-0.287
134,1782349298.9431853,-0.46246447955149084,-0.6919314006502699,0.29125384575859603,0.3865769078132205,-0.248,0.071,0.063,0.646,-0.618,-0.344,-0.288
135,1782349298.970801,-0.35090302739156953,-0.6407570790266192,0.25738296775042474,0.4769124028377632,-0.248,0.071,0.063,0.646,-0.618,-0.344,-0.288
136,1782349299.0102327,-0.4264464840145698,-0.7247355650219346,0.20095050030655703,0.5649851636621582,-0.248,0.071,0.063,0.646,-0.618,-0.344,-0.287
137,1782349299.045981,-0.3157853227930729,-0.8066171755987284,0.24539413064230348,0.6065510726963325,-0.248,0.071,0.063,0.646,-0.618,-0.344,-0.287
138,1782349299.0763476,-0.20789087821701496,-0.8146885760122438,0.21426080235981276,0.6155470541818917,-0.248,0.071,0.063,0.646,-0.618,-0.344,-0.287
139,1782349299.1081512,-0.2874093669022544,-0.8048005513542182,0.25890427985484427,0.7001583734250159,-0.248,0.071,0.063,0.646,-0.618,-0.344,-0.287
140,1782349299.1448433,-0.18022413283476138,-0.8003629132849328,0.2024316732971772,0.7826544137402003,-0.248,0.071,0.063,0.645,-0.617,-0.345,-0.289
141,1782349299.1775584,-0.07571853244890912,-0.6803538472626689,0.24737007218885163,0.7020770197110267,-0.249,0.071,0.063,0.644,-0.616,-0.347,-0.291
142,1782349299.2100594,0.026174430665459894,-0.7633450009467079,0.1911858210414319,0.7461391025788061,-0.25,0.071,0.063,0.642,-0.613,-0.353,-0.297
143,1782349299.2442708,0.08154908169119683,-0.7253237775096638,0.17522872838720105,0.813283321061604,-0.251,0.07,0.064,0.639,-0.609,-0.359,-0.303
144,1782349299.272309,-0.020489579302449393,-0.7525495553126719,0.15000000197294064,0.8836984468792879,-0.253,0.07,0.064,0.635,-0.605,-0.367,-0.311
145,1782349299.3122416,0.04144507482239666,-0.6337379222909405,0.1962499076608926,0.7616067866720804,-0.254,0.07,0.064,0.631,-0.6,-0.373,-0.318
146,1782349299.3397086,0.14040894794441214,-0.7178944742325148,0.14134365997050885,0.8311138363664382,-0.256,0.07,0.064,0.627,-0.596,-0.381,-0.326
147,1782349299.3757713,0.23689870003314423,-0.5999471198230659,0.1878100667151862,0.7587308475877969,-0.258,0.069,0.065,0.623,-0.59,-0.389,-0.335
148,1782349299.411336,0.330976196402145,-0.6849484275776783,0.13802382486296486,0.6816724174920867,-0.26,0.069,0.065,0.618,-0.585,-0.398,-0.344
149,1782349299.4410756,0.27997192498066886,-0.6814424107513851,0.18457322019542888,0.7646304442198331,-0.261,0.068,0.065,0.613,-0.579,-0.406,-0.353
150,1782349299.4689946,0.37297259571126906,-0.7644063155934187,0.12995891981860272,0.6631857237678749,-0.264,0.068,0.065,0.607,-0.572,-0.416,-0.363
151,1782349299.5017564,0.430254972156786,-0.6452961580791757,0.17670994662784317,0.7314804333199675,-0.265,0.067,0.065,0.602,-0.566,-0.424,-0.372
152,1782349299.5351746,0.519497340811961,-0.7291628851413273,0.22205183117398844,0.7261664282178483,-0.267,0.067,0.065,0.597,-0.56,-0.431,-0.38
153,1782349299.5681713,0.40650992485677845,-0.6190369407384679,0.20000009522291137,0.8080122049900087,-0.269,0.066,0.065,0.592,-0.555,-0.438,-0.387
154,1782349299.6007042,0.49634717669454653,-0.7035610171988043,0.1500010183996251,0.6878119005912424,-0.27,0.066,0.065,0.588,-0.55,-0.444,-0.393
155,1782349299.642644,0.3839385550818989,-0.5859720778097863,0.1962509422724159,0.6783236398291588,-0.272,0.065,0.065,0.583,-0.545,-0.45,-0.4
156,1782349299.669473,0.4743400546582638,-0.6713227508631535,0.18696524186072974,0.6265531179154212,-0.273,0.065,0.064,0.579,-0.54,-0.456,-0.406
157,1782349299.7120569,0.5135983106276937,-0.6662876139897433,0.2322467818638472,0.7108647718592839,-0.274,0.064,0.064,0.574,-0.535,-0.462,-0.413
158,1782349299.7354245,0.6007571720899151,-0.7496281550668071,0.1764414230836853,0.7930919735423732,-0.275,0.064,0.064,0.571,-0.531,-0.467,-0.418
159,1782349299.7692184,0.48573837262783437,-0.6308874630569238,0.2220303765213381,0.7868493753672771,-0.277,0.063,0.064,0.567,-0.527,-0.472,-0.423
160,1782349299.8178194,0.5735948052325563,-0.7151151174535193,0.16647986954191296,0.7656625021485534,-0.278,0.063,0.064,0.563,-0.523,-0.476,-0.427
161,1782349299.8450959,0.45925494075337575,-0.5972372401233825,0.21231786953414997,0.684555831456396,-0.278,0.063,0.063,0.561,-0.521,-0.478,-0.43
162,1782349299.8687048,0.5477735499770218,-0.6823062941159972,0.1570099452680973,0.7674417032674168,-0.279,0.062,0.063,0.558,-0.516,-0.484,-0.434
163,1782349299.8997397,0.43407987248252605,-0.5652488788102622,0.20308460666743747,0.7776420958578647,-0.28,0.061,0.063,0.553,-0.508,-0.492,-0.441
164,1782349299.9352853,0.5232278600563203,-0.6511176418057122,0.1480075142028794,0.7384197785422886,-0.281,0.061,0.062,0.549,-0.502,-0.498,-0.445
165,1782349299.9781685,0.46615253381578936,-0.5573217526566672,0.19430732634778908,0.6199592840789918,-0.282,0.061,0.062,0.546,-0.497,-0.503,-0.449
166,1782349300.007119,0.5544975074862053,-0.6433629730698629,0.13945130447462742,0.7044589189980754,-0.283,0.06,0.062,0.542,-0.491,-0.509,-0.454
167,1782349300.0391254,0.44063755602690735,-0.5272882030971587,0.18596454511306734,0.7868404035467205,-0.284,0.06,0.061,0.538,-0.484,-0.515,-0.459
168,1782349300.0746446,0.5296216048394987,-0.6141059863709468,0.13131544861282024,0.7597307181809331,-0.285,0.059,0.061,0.533,-0.479,-0.52,-0.464
169,1782349300.1008587,0.4163818964967644,-0.49875352614805607,0.1700791692258232,0.6407375628529275,-0.286,0.058,0.06,0.529,-0.473,-0.526,-0.469
170,1782349300.1410928,0.5059718791742607,-0.5862844534693111,0.11582759748494346,0.6709060621148906,-0.287,0.058,0.06,0.525,-0.468,-0.53,-0.473
171,1782349300.172589,0.3933233609757717,-0.47163465059887266,0.16293186045755637,0.5641191138030154,-0.287,0.058,0.06,0.524,-0.467,-0.531,-0.474
172,1782349300.2044282,0.4834902060286025,-0.5598437144143869,0.10885871286336839,0.5313547279137716,-0.287,0.058,0.06,0.525,-0.468,-0.53,-0.474
173,1782349300.2382574,0.4083877637313674,-0.6458476210574109,0.15613724498999854,0.4341235970488944,-0.287,0.058,0.06,0.526,-0.47,-0.529,-0.472
174,1782349300.2691753,0.2981780697155043,-0.5297014307042692,0.1997071621611862,0.5232705070937834,-0.286,0.058,0.06,0.529,-0.472,-0.526,-0.47
175,1782349300.2998288,0.39072324504046196,-0.5867173685028917,0.1447152009107409,0.6101885360010738,-0.286,0.058,0.06,0.53,-0.474,-0.525,-0.468
176,1782349300.335925,0.4398223906599144,-0.6391255437337815,0.19109732088796053,0.6949338226010067,-0.286,0.058,0.06,0.531,-0.475,-0.524,-0.467
177,1782349300.3698537,0.5288268094658101,-0.7231473978619755,0.20637129017673528,0.665163441479328,-0.286,0.058,0.06,0.531,-0.474,-0.524,-0.467
178,1782349300.4131029,0.471172846720395,-0.6050689948793777,0.1941812404073924,0.7485337716228564,-0.286,0.058,0.06,0.53,-0.474,-0.525,-0.468
179,1782349300.4405107,0.5593935255297661,-0.6899422699709937,0.23932670936029957,0.6298204273703619,-0.286,0.058,0.06,0.529,-0.472,-0.526,-0.469
180,1782349300.4683893,0.6454081965095749,-0.7541932052846426,0.2833434075008657,0.5140758013248206,-0.286,0.058,0.06,0.528,-0.469,-0.529,-0.471
181,1782349300.5030918,0.7292725514054725,-0.8353380687909184,0.32625976462052114,0.5281772983138793,-0.286,0.058,0.06,0.528,-0.47,-0.528,-0.47
182,1782349300.5451314,0.6110409494695859,-0.7479060849263175,0.36810323574522513,0.6149727847909587,-0.286,0.058,0.06,0.528,-0.47,-0.528,-0.47
183,1782349300.574883,0.6957649214123686,-0.6292084326232039,0.30890066622069356,0.6995984624597288,-0.286,0.058,0.06,0.528,-0.47,-0.528,-0.47
184,1782349300.6121094,0.6998294660685959,-0.6490830021599735,0.2511781504668804,0.7821084998804332,-0.286,0.058,0.06,0.528,-0.47,-0.528,-0.47
185,1782349300.6330183,0.7016942128934796,-0.5328565987884142,0.25046234819110563,0.8625551122271004,-0.286,0.058,0.06,0.528,-0.47,-0.528,-0.47
186,1782349300.674016,0.7841518506692526,-0.6195351735665945,0.20000003736928557,0.8841872532870685,-0.286,0.058,0.06,0.528,-0.47,-0.528,-0.47
187,1782349300.7035513,0.6645480551422261,-0.5040467951054124,0.24500001609018224,0.8861794392937955,-0.286,0.058,0.06,0.528,-0.47,-0.528,-0.47
188,1782349300.7387955,0.7479343483926082,-0.5914456202567533,0.20000004762615647,0.8310099578918051,-0.286,0.058,0.06,0.528,-0.47,-0.528,-0.47
189,1782349300.7679653,0.629237686513595,-0.5072932289161944,0.2449994780428702,0.7102379922618534,-0.286,0.058,0.06,0.528,-0.47,-0.529,-0.47
190,1782349300.7997227,0.7122712830648066,-0.5946106840157459,0.2182175380325801,0.665430916634055,-0.286,0.058,0.06,0.528,-0.47,-0.529,-0.47
191,1782349300.838853,0.5944650307147643,-0.47974634152458884,0.16365942103156833,0.7487949217214387,-0.286,0.058,0.06,0.528,-0.47,-0.528,-0.47
192,1782349300.8699498,0.6796032704707157,-0.5677526757078374,0.20956791517810874,0.8300749553245453,-0.286,0.058,0.06,0.528,-0.47,-0.528,-0.47
193,1782349300.912181,0.5626132293202732,-0.4535589393214917,0.20178248751347216,0.8538312071544082,-0.286,0.058,0.06,0.528,-0.47,-0.528,-0.47
194,1782349300.9388924,0.6485478756032286,-0.5422199560132548,0.23161880636858218,0.7324865979166505,-0.286,0.058,0.06,0.528,-0.47,-0.528,-0.47
195,1782349300.9685595,0.7085925377433198,-0.6286644568375122,0.2500000005256807,0.6141744332480539,-0.286,0.058,0.06,0.528,-0.47,-0.528,-0.47
196,1782349301.008937,0.6719827433843095,-0.6678395888929639,0.24330331211380926,0.6988197691614034,-0.286,0.058,0.06,0.528,-0.47,-0.528,-0.47
197,1782349301.0426197,0.7551831747992559,-0.5511435991706729,0.28722072931088427,0.6486517162917134,-0.286,0.058,0.06,0.528,-0.47,-0.528,-0.47
198,1782349301.0737152,0.6999252203813406,-0.637365009159084,0.23309008675278928,0.7324354232923584,-0.286,0.058,0.06,0.528,-0.47,-0.528,-0.47
199,1782349301.103758,0.7350988066075974,-0.6693460826562071,0.2772628284970595,0.814124514062725,-0.286,0.058,0.06,0.528,-0.47,-0.528,-0.47
200,1782349301.1402094,0.622193059457053,-0.5548123388420997,0.3203312556450551,0.7763980811097871,-0.286,0.058,0.06,0.528,-0.47,-0.528,-0.47
201,1782349301.1765115,0.7066382208450184,-0.6409420294538021,0.2623229790602529,0.8096543428088258,-0.286,0.058,0.06,0.528,-0.47,-0.528,-0.47
202,1782349301.203604,0.6249511615021931,-0.5249185070649613,0.23218948160440198,0.6894129861765913,-0.286,0.058,0.06,0.528,-0.47,-0.528,-0.47
203,1782349301.2359436,0.6727671056269083,-0.6117955368052117,0.2560936632712301,0.7635816426536925,-0.286,0.058,0.06,0.528,-0.47,-0.528,-0.47
204,1782349301.2701125,0.755947927510831,-0.6965006459276095,0.2996913213766109,0.6878193818500179,-0.286,0.058,0.06,0.528,-0.47,-0.528,-0.47
205,1782349301.3019788,0.667806013352564,-0.6113249279956683,0.242199530216853,0.7706227128804422,-0.286,0.058,0.06,0.528,-0.47,-0.528,-0.47
206,1782349301.3447685,0.7511106443774078,-0.696040039294897,0.18614487521706385,0.8513461551314409,-0.286,0.058,0.06,0.528,-0.47,-0.528,-0.47
207,1782349301.3673048,0.7208295643270218,-0.7173115238350414,0.23149119181985872,0.9086139946564078,-0.286,0.058,0.06,0.528,-0.47,-0.528,-0.47
208,1782349301.4051173,0.7489135958675764,-0.5993787399825266,0.17570391613726755,0.9197445053307785,-0.286,0.058,0.06,0.528,-0.47,-0.528,-0.47
209,1782349301.4321432,0.6943898178337484,-0.5134270679340153,0.22131130456070924,0.7967523518939126,-0.286,0.058,0.06,0.528,-0.47,-0.528,-0.47
210,1782349301.4793801,0.7770298743013869,-0.6005909256585202,0.1657793420132963,0.8742931314324501,-0.286,0.058,0.06,0.528,-0.47,-0.528,-0.47
211,1782349301.5098274,0.6576041276409725,-0.5301821385878484,0.21163485839974316,0.7862636255532036,-0.286,0.058,0.06,0.528,-0.47,-0.528,-0.47
212,1782349301.540509,0.7411639536442214,-0.6169275600585208,0.15646608434275633,0.704276233806975,-0.286,0.058,0.06,0.528,-0.47,-0.528,-0.47
213,1782349301.572869,0.6226349097372247,-0.5015052068369328,0.2025544224615781,0.7133569294197334,-0.286,0.058,0.06,0.528,-0.47,-0.528,-0.47
214,1782349301.602321,0.7070690161907722,-0.5889675497832902,0.15380422596724208,0.7955139152191959,-0.286,0.058,0.06,0.528,-0.47,-0.528,-0.47
215,1782349301.6344929,0.7213719145843807,-0.6742402855496008,0.19995904241796875,0.8756197958383025,-0.286,0.058,0.06,0.528,-0.47,-0.528,-0.47
216,1782349301.6744308,0.6319271879342444,-0.5573842784365085,0.15000000008016245,0.8962267851926011,-0.286,0.058,0.06,0.528,-0.47,-0.528,-0.47
217,1782349301.7027404,0.7161290023053841,-0.6434496651454525,0.19624999975040713,0.8858411948227578,-0.286,0.058,0.06,0.528,-0.47,-0.528,-0.47
218,1782349301.7408903,0.7982257559569541,-0.5412286095158434,0.14999996991101475,0.9447563210159498,-0.286,0.058,0.06,0.528,-0.47,-0.528,-0.47
219,1782349301.776534,0.67827068158311,-0.6276948720290704,0.19624992419923726,0.8688629234006987,-0.286,0.058,0.06,0.528,-0.47,-0.528,-0.47
220,1782349301.8109946,0.7613138858463914,-0.7120024096551166,0.14659727569788594,0.7596978467419467,-0.286,0.058,0.06,0.528,-0.47,-0.528,-0.47
221,1782349301.8385377,0.642281039148763,-0.5942023509144302,0.19293234367267892,0.8407053996064628,-0.286,0.058,0.06,0.528,-0.47,-0.528,-0.47
222,1782349301.8680925,0.7262226435962911,-0.6793446883106966,0.1619298690408706,0.7534142162084878,-0.286,0.058,0.06,0.528,-0.47,-0.528,-0.47
223,1782349301.9010298,0.6080676654558127,-0.5623620179295835,0.2078814730931146,0.8345779125860286,-0.286,0.058,0.06,0.528,-0.47,-0.528,-0.47
224,1782349301.9338963,0.6928657596573649,-0.6483028764977967,0.166331363038941,0.7596460848407702,-0.286,0.058,0.06,0.528,-0.47,-0.528,-0.47
225,1782349301.969295,0.5755441269654796,-0.5320954249649459,0.21217307506285837,0.8406548977785919,-0.286,0.058,0.06,0.528,-0.47,-0.528,-0.47
226,1782349302.0044355,0.6611555174590323,-0.6187930319841219,0.16177630718174993,0.8761069711927855,-0.286,0.058,0.06,0.528,-0.47,-0.528,-0.47
227,1782349302.04243,0.5742322649497845,-0.6284037054546482,0.20714570897471138,0.8976998337048732,-0.286,0.058,0.06,0.528,-0.47,-0.528,-0.47
228,1782349302.0775936,0.6598764487665321,-0.6700887642342076,0.1519670692178072,0.7855934742698101,-0.286,0.058,0.06,0.528,-0.47,-0.528,-0.47
